RootPos_x,RootPos_y,RootPos_z,Start_x,Hand Start_y,Hand Start_z,ForearmStub_x,ForearmStub_y,ForearmStub_z,Thumb0_x,Thumb0_y,Thumb0_z,Thumb1_x,Thumb1_y,Thumb1_z,Thumb2_x,Thumb2_y,Thumb2_z,Thumb3_x,Thumb3_y,Thumb3_z,Index1_x,Index1_y,Index1_z,Index2_x,Index2_y,Index2_z,Index3_x,Index3_y,Index3_z,Middle1_x,Middle1_y,Middle1_z,Middle2_x,Middle2_y,Middle2_z,Middle3_x,Middle3_y,Middle3_z,Ring1_x,Ring1_y,Ring1_z,Ring2_x,Ring2_y,Ring2_z,Ring3_x,Ring3_y,Ring3_z,Pinky0_x,Pinky0_y,Pinky0_z,Pinky1_x,Pinky1_y,Pinky1_z,Pinky2_x,Pinky2_y,Pinky2_z,Pinky3_x,Pinky3_y,Pinky3_z,ThumbTip_x,ThumbTip_x,ThumbTip_x,IndexTip_x,IndexTip_y,IndexTip_z,MiddleTip_x,MiddleTip_y,MiddleTip_z,RingTip_x,RingTip_y,RingTip_z,PinkyTip_x,PinkyTip_y,PinkyTip_z,Gesture,Wrist Movement
0.00341322,1.03258500,0.48871010,0.00341322,1.03258500,0.48871010,0.00341322,1.03258500,0.48871010,-0.00557304,1.05320700,0.47793440,-0.02383233,1.06905200,0.48109130,-0.04509662,1.09268200,0.47848020,-0.05931576,1.12198600,0.47230860,-0.00384108,1.12887800,0.47734840,-0.00637434,1.16413300,0.46572550,-0.00848239,1.18515100,0.45466780,0.01767292,1.12468200,0.47738940,0.02003826,1.15935900,0.45361150,0.02048965,1.17932300,0.43540010,0.03362583,1.11414700,0.47026350,0.04020122,1.14375200,0.44694380,0.04137796,1.16037600,0.42689720,0.02878968,1.06044900,0.47163910,0.04670451,1.10004100,0.46081430,0.06139248,1.12115700,0.44510970,0.06757829,1.13241100,0.42987410,-0.07391964,1.14091600,0.46886900,-0.00937617,1.20368000,0.44290790,0.02097337,1.19700000,0.41841570,0.03982083,1.17413800,0.40739750,0.07456199,1.14692700,0.41557270,10,5
0.00335948,1.02939200,0.48838760,0.00335948,1.02939200,0.48838760,0.00335948,1.02939200,0.48838760,-0.00572742,1.05001700,0.47770040,-0.02409172,1.06570700,0.48101660,-0.04543504,1.08930600,0.47880120,-0.05977762,1.11863400,0.47304050,-0.00441174,1.12569800,0.47748100,-0.00687431,1.16083600,0.46549500,-0.00904400,1.18145500,0.45372230,0.01712499,1.12162100,0.47752810,0.01971518,1.15613500,0.45353900,0.02011886,1.17564200,0.43483670,0.03314420,1.11120800,0.47037090,0.03985442,1.14107500,0.44742620,0.04107874,1.15785400,0.42751260,0.02860235,1.05747800,0.47148190,0.04631165,1.09722000,0.46086980,0.06049041,1.11840800,0.44479910,0.06642541,1.12967600,0.42947390,-0.07435940,1.13761700,0.46981070,-0.01003703,1.19944300,0.44115730,0.02043577,1.19270700,0.41723410,0.03939873,1.17155200,0.40797780,0.07313418,1.14421900,0.41506900,10,5
0.00315372,1.02593200,0.48744540,0.00315372,1.02593200,0.48744540,0.00315372,1.02593200,0.48744540,-0.00600172,1.04664200,0.47698590,-0.02445682,1.06216900,0.48055520,-0.04585309,1.08576500,0.47888180,-0.06028321,1.11516300,0.47372500,-0.00502263,1.12232600,0.47767610,-0.00737283,1.15743800,0.46559110,-0.00956892,1.17773800,0.45328150,0.01653189,1.11834300,0.47772220,0.01938959,1.15286600,0.45377440,0.01977694,1.17205400,0.43474540,0.03261281,1.10808800,0.47047640,0.03946115,1.13831200,0.44804610,0.04071903,1.15531900,0.42832830,0.02830789,1.05432900,0.47093360,0.04586301,1.09427300,0.46083780,0.05957674,1.11563100,0.44458850,0.06529245,1.12701600,0.42926680,-0.07482453,1.13423000,0.47082870,-0.01062561,1.19526000,0.44008030,0.01995682,1.18863500,0.41668490,0.03890659,1.16902700,0.40881250,0.07175948,1.14168300,0.41487630,10,5
0.00296848,1.02250100,0.48650460,0.00296848,1.02250100,0.48650460,0.00296848,1.02250100,0.48650460,-0.00625630,1.04328400,0.47625200,-0.02479827,1.05865000,0.48006100,-0.04624467,1.08223200,0.47891040,-0.06075978,1.11168300,0.47432870,-0.00560384,1.11895900,0.47776220,-0.00784274,1.15403100,0.46554140,-0.01006454,1.17398600,0.45268310,0.01596748,1.11506900,0.47780670,0.01908238,1.14956700,0.45385670,0.01944292,1.16841300,0.43448730,0.03210587,1.10496100,0.47048130,0.03905989,1.13547600,0.44848090,0.04031642,1.15264300,0.42890260,0.02803123,1.05118300,0.47034900,0.04543336,1.09130900,0.46071930,0.05867705,1.11281100,0.44427130,0.06416953,1.12429200,0.42894000,-0.07526112,1.13082600,0.47175130,-0.01118359,1.19100500,0.43884410,0.01947443,1.18448200,0.41596860,0.03833934,1.16629500,0.40936300,0.07039086,1.13906200,0.41454680,10,5
0.00279951,1.01909600,0.48556520,0.00279951,1.01909600,0.48556520,0.00279951,1.01909600,0.48556520,-0.00649514,1.03994100,0.47550320,-0.02510424,1.05520200,0.47940820,-0.04649578,1.07884900,0.47866710,-0.06079340,1.10845100,0.47438530,-0.00616113,1.11560000,0.47776290,-0.00825080,1.15047000,0.46495230,-0.01053356,1.16969700,0.45103830,0.01542613,1.11179900,0.47780510,0.01872213,1.14657200,0.45428040,0.01890164,1.16506700,0.43457340,0.03161858,1.10183200,0.47040720,0.03854833,1.13280000,0.44904210,0.03948562,1.14996100,0.42944080,0.02776875,1.04804100,0.46973630,0.04501896,1.08833200,0.46053320,0.05783616,1.10978600,0.44368900,0.06290902,1.12113100,0.42811390,-0.07503137,1.12780200,0.47188650,-0.01176393,1.18572800,0.43607480,0.01858046,1.18049600,0.41552060,0.03691358,1.16314800,0.40965300,0.06859158,1.13574100,0.41333970,10,5
0.00403600,1.01606100,0.48374430,0.00403600,1.01606100,0.48374430,0.00403600,1.01606100,0.48374430,-0.00534537,1.03695300,0.47386070,-0.02414348,1.05198600,0.47774300,-0.04561558,1.07556700,0.47729430,-0.05984183,1.10524400,0.47329980,-0.00577337,1.11257300,0.47715590,-0.00778217,1.14729100,0.46392680,-0.01007259,1.16584000,0.44912220,0.01584797,1.10897900,0.47739600,0.01934766,1.14410400,0.45443080,0.01945589,1.16234000,0.43448400,0.03222016,1.09926900,0.47005060,0.03914598,1.13076400,0.44946790,0.03988400,1.14799400,0.42991870,0.02890179,1.04545800,0.46860150,0.04586327,1.08603500,0.46014900,0.05831642,1.10758900,0.44315940,0.06308944,1.11890400,0.42746750,-0.07391747,1.12471700,0.47083410,-0.01132737,1.18093700,0.43321910,0.01891341,1.17721700,0.41500250,0.03689165,1.16078900,0.40993330,0.06833266,1.13345500,0.41247500,10,5
0.00516788,1.01301200,0.48199660,0.00516788,1.01301200,0.48199660,0.00516788,1.01301200,0.48199660,-0.00430088,1.03394300,0.47228070,-0.02327402,1.04875900,0.47614650,-0.04482517,1.07227200,0.47599160,-0.05898752,1.10201600,0.47228340,-0.00545551,1.10950800,0.47653050,-0.00737055,1.14407400,0.46289430,-0.00964282,1.16193600,0.44726650,0.01619415,1.10610600,0.47695270,0.01987778,1.14154000,0.45449540,0.01992221,1.15950900,0.43430780,0.03273018,1.09664000,0.46965760,0.03962718,1.12860200,0.44979930,0.04017149,1.14587800,0.43028380,0.02991989,1.04282400,0.46749090,0.04659629,1.08365700,0.45973300,0.05869030,1.10529200,0.44258830,0.06317370,1.11656600,0.42678210,-0.07290608,1.12160800,0.46986460,-0.01089326,1.17608500,0.43051380,0.01917592,1.17382700,0.41441790,0.03678937,1.15826500,0.41010460,0.06799451,1.13104600,0.41158060,10,5
0.00621763,1.00995200,0.48030620,0.00621763,1.00995200,0.48030620,0.00621763,1.00995200,0.48030620,-0.00333913,1.03091600,0.47074930,-0.02248016,1.04551000,0.47462860,-0.04420047,1.06886800,0.47465260,-0.05820651,1.09868100,0.47090300,-0.00519285,1.10641100,0.47589040,-0.00715732,1.14108700,0.46254270,-0.00942477,1.15882000,0.44676770,0.01648057,1.10319100,0.47648250,0.02033667,1.13915600,0.45491630,0.02039213,1.15718700,0.43478330,0.03316790,1.09395600,0.46923610,0.04020241,1.12623900,0.44995430,0.04045225,1.14322100,0.43017640,0.03084752,1.04014800,0.46639930,0.04724149,1.08121300,0.45929260,0.05893359,1.10299200,0.44205210,0.06297703,1.11419700,0.42607890,-0.07191478,1.11839800,0.46830450,-0.01066852,1.17265700,0.42975590,0.01950826,1.17123700,0.41470960,0.03645857,1.15465400,0.40955080,0.06713288,1.12853800,0.41055300,10,5
0.00699782,1.00660400,0.47842580,0.00699782,1.00660400,0.47842580,0.00699782,1.00660400,0.47842580,-0.00259990,1.02765400,0.46910160,-0.02190169,1.04202800,0.47300620,-0.04376194,1.06525300,0.47326820,-0.05757982,1.09516700,0.46962030,-0.00509333,1.10303700,0.47547820,-0.00702449,1.13786100,0.46251840,-0.00921463,1.15549300,0.44662000,0.01659507,1.09996700,0.47628700,0.02069854,1.13650600,0.45575510,0.02083663,1.15466300,0.43573650,0.03344068,1.09097900,0.46909640,0.04067488,1.12366000,0.45057170,0.04074112,1.14048100,0.43065570,0.03156640,1.03721100,0.46533320,0.04773294,1.07851000,0.45911800,0.05910094,1.10049400,0.44192040,0.06277588,1.11169200,0.42585380,-0.07105327,1.11503300,0.46693360,-0.01037487,1.16904600,0.42937490,0.01989603,1.16852100,0.41553220,0.03628452,1.15112300,0.40970430,0.06634519,1.12594700,0.41010420,10,5
0.00774410,1.00327300,0.47660160,0.00774410,1.00327300,0.47660160,0.00774410,1.00327300,0.47660160,-0.00190113,1.02439800,0.46749850,-0.02135662,1.03855800,0.47142460,-0.04335145,1.06165200,0.47192490,-0.05698278,1.09166400,0.46838850,-0.00502784,1.09965100,0.47503170,-0.00692365,1.13459400,0.46239160,-0.00903536,1.15207700,0.44631890,0.01667194,1.09672600,0.47604540,0.02099209,1.13377400,0.45649350,0.02119690,1.15201500,0.43655200,0.03366590,1.08797500,0.46891150,0.04106862,1.12102200,0.45111650,0.04095775,1.13768000,0.43106420,0.03223458,1.03426100,0.46428050,0.04816484,1.07576900,0.45890570,0.05919868,1.09792900,0.44171690,0.06249735,1.10909200,0.42554410,-0.07021831,1.11168000,0.46563090,-0.01010864,1.16528800,0.42880510,0.02019178,1.16563900,0.41619200,0.03606984,1.14752900,0.40982370,0.06547464,1.12322400,0.40956180,10,5
0.00842955,1.00013700,0.47491040,0.00842955,1.00013700,0.47491040,0.00842955,1.00013700,0.47491040,-0.00126503,1.02132500,0.46600920,-0.02080411,1.03544800,0.46964030,-0.04286486,1.05848400,0.46974990,-0.05672889,1.08840200,0.46632440,-0.00498814,1.09643800,0.47458520,-0.00718687,1.13163800,0.46272920,-0.00936197,1.14940800,0.44698260,0.01671946,1.09364600,0.47578610,0.02059314,1.13137900,0.45749310,0.02068057,1.15017000,0.43806760,0.03384695,1.08511300,0.46870750,0.04093315,1.11851000,0.45144610,0.04060694,1.13521100,0.43143250,0.03283381,1.03146200,0.46329340,0.04853344,1.07315000,0.45868180,0.05994135,1.09608200,0.44279960,0.06342101,1.10779500,0.42705990,-0.07027090,1.10822600,0.46366850,-0.01044274,1.16286800,0.42965980,0.01956615,1.16414900,0.41795530,0.03566117,1.14506500,0.41020700,0.06614356,1.12225200,0.41132500,10,5
0.00579626,0.99747750,0.47775360,0.00579626,0.99747750,0.47775360,0.00579626,0.99747750,0.47775360,-0.00363427,1.01887200,0.46906630,-0.02291906,1.03336200,0.47261210,-0.04456500,1.05678900,0.47256200,-0.05804570,1.08689500,0.46926030,-0.00632432,1.09395000,0.47831900,-0.00822667,1.12934200,0.46699600,-0.01029567,1.14726800,0.45141280,0.01534663,1.09085500,0.47943850,0.01938329,1.12903900,0.46214140,0.01950012,1.14819500,0.44307600,0.03234003,1.08215600,0.47223970,0.03959993,1.11565400,0.45524780,0.03913368,1.13226100,0.43515800,0.03059112,1.02857400,0.46635180,0.04683913,1.07008700,0.46206980,0.05868051,1.09334500,0.44699950,0.06223117,1.10533800,0.43148780,-0.07146011,1.10682400,0.46674560,-0.01132647,1.16079700,0.43414140,0.01830588,1.16235900,0.42309890,0.03399844,1.14197900,0.41391530,0.06465413,1.11987000,0.41577320,10,5
0.00342549,0.99475610,0.48023570,0.00342549,0.99475610,0.48023570,0.00342549,0.99475610,0.48023570,-0.00576831,1.01633700,0.47175780,-0.02482004,1.03115300,0.47521620,-0.04607777,1.05493200,0.47502370,-0.05918405,1.08521500,0.47183020,-0.00756392,1.09135500,0.48169010,-0.00919082,1.12691100,0.47085110,-0.01115998,1.14494100,0.45537500,0.01407114,1.08799700,0.48274350,0.01827287,1.12659500,0.46643390,0.01841651,1.14606800,0.44769270,0.03094957,1.07916500,0.47543680,0.03836659,1.11277300,0.45873360,0.03774559,1.12927100,0.43855870,0.02856376,1.02566300,0.46907040,0.04528951,1.06701900,0.46513330,0.05746078,1.09055200,0.45076920,0.06102230,1.10277700,0.43544240,-0.07245920,1.10525000,0.46942810,-0.01214295,1.15847900,0.43810760,0.01713957,1.16036700,0.42781650,0.03238909,1.13878300,0.41727700,0.06309702,1.11734900,0.41971460,10,5
0.00126084,0.99198550,0.48243430,0.00126084,0.99198550,0.48243430,0.00126084,0.99198550,0.48243430,-0.00771785,1.01373700,0.47416280,-0.02642879,1.02909700,0.47706060,-0.04699879,1.05345800,0.47620000,-0.05895406,1.08414600,0.47240890,-0.00872776,1.08867500,0.48477770,-0.01031049,1.12446100,0.47471490,-0.01228910,1.14272900,0.45952200,0.01287247,1.08508500,0.48577680,0.01698215,1.12381200,0.46975360,0.01693869,1.14312400,0.45084600,0.02965134,1.07614600,0.47837170,0.03732996,1.11007800,0.46246030,0.03654119,1.12656400,0.44228180,0.02670609,1.02273100,0.47152250,0.04385457,1.06394700,0.46794260,0.05635647,1.08788900,0.45457300,0.05980531,1.10038700,0.43944240,-0.07155265,1.10455200,0.46952470,-0.01331063,1.15640200,0.44236320,0.01537902,1.15700200,0.43069330,0.03081148,1.13566200,0.42091680,0.06118827,1.11491500,0.42359800,10,5
0.00083827,0.98944230,0.48251970,0.00083827,0.98944230,0.48251970,0.00083827,0.98944230,0.48251970,-0.00808257,1.01122200,0.47426090,-0.02656202,1.02697200,0.47647160,-0.04662357,1.05171000,0.47475900,-0.05767892,1.08262600,0.47017970,-0.00894574,1.08615100,0.48495970,-0.01071662,1.12204500,0.47532430,-0.01280095,1.14037100,0.46021530,0.01264537,1.08251200,0.48598360,0.01640756,1.12129500,0.47000890,0.01608711,1.14032800,0.45082320,0.02941492,1.07354600,0.47859090,0.03711326,1.10771400,0.46320330,0.03608552,1.12403100,0.44289800,0.02636412,1.02014500,0.47167690,0.04360589,1.06132800,0.46816690,0.05621918,1.08561600,0.45554600,0.05947140,1.09826200,0.44049500,-0.06975788,1.10324700,0.46667400,-0.01391778,1.15398600,0.44301680,0.01420498,1.15364400,0.43032190,0.02999102,1.13253000,0.42138770,0.06010339,1.11259900,0.42443090,10,5
0.00040942,0.98684420,0.48258940,0.00040942,0.98684420,0.48258940,0.00040942,0.98684420,0.48258940,-0.00845563,1.00865700,0.47435810,-0.02668546,1.02477200,0.47591380,-0.04622260,1.04985900,0.47340250,-0.05637981,1.08097000,0.46811590,-0.00918885,1.08356700,0.48519850,-0.01112879,1.11956100,0.47597540,-0.01330735,1.13792800,0.46092970,0.01239344,1.07988400,0.48624960,0.01581606,1.11874700,0.47039200,0.01523579,1.13753000,0.45096820,0.02915705,1.07089900,0.47886620,0.03686811,1.10530500,0.46402410,0.03561229,1.12146800,0.44360890,0.02601253,1.01751800,0.47184550,0.04334052,1.05867300,0.46844130,0.05602871,1.08328700,0.45654750,0.05907563,1.09607300,0.44157220,-0.06793310,1.10178600,0.46403800,-0.01450743,1.15146600,0.44367630,0.01305506,1.15030900,0.43015720,0.02917971,1.12939100,0.42197760,0.05897405,1.11020000,0.42531060,10,5
-0.00004724,0.98406120,0.48264730,-0.00004724,0.98406120,0.48264730,-0.00004724,0.98406120,0.48264730,-0.00885565,1.00591300,0.47445940,-0.02674415,1.02246200,0.47520930,-0.04559740,1.04795200,0.47171770,-0.05388611,1.07936700,0.46512970,-0.00946868,1.08079400,0.48550470,-0.01126515,1.11695600,0.47693280,-0.01338978,1.13542600,0.46200560,0.01210462,1.07706800,0.48658650,0.01569510,1.11607200,0.47111960,0.01484909,1.13401900,0.45092960,0.02886530,1.06807100,0.47921010,0.03675298,1.10267900,0.46494110,0.03519519,1.11846400,0.44425290,0.02563381,1.01471600,0.47203640,0.04304554,1.05584800,0.46877850,0.05525316,1.08070500,0.45688880,0.05766944,1.09336300,0.44169120,-0.06410007,1.10062600,0.45991710,-0.01457145,1.14890300,0.44470330,0.01219469,1.14531100,0.42932840,0.02833219,1.12553800,0.42246000,0.05650096,1.10699500,0.42505320,10,5
0.00141059,0.98034500,0.48265550,0.00141059,0.98034500,0.48265550,0.00141059,0.98034500,0.48265550,-0.00739408,1.00211800,0.47425470,-0.02502823,1.01895200,0.47396150,-0.04331143,1.04465000,0.46920120,-0.04990840,1.07614000,0.46120700,-0.00845290,1.07704900,0.48491160,-0.01026755,1.11329100,0.47668370,-0.01231400,1.13173300,0.46171190,0.01312188,1.07342200,0.48626350,0.01675447,1.11246800,0.47091210,0.01577649,1.12951000,0.44995820,0.03000543,1.06446000,0.47912860,0.03797390,1.09920000,0.46522890,0.03625736,1.11447300,0.44417260,0.02708374,1.01105600,0.47218890,0.04435805,1.05224500,0.46892510,0.05609560,1.07731200,0.45700320,0.05800884,1.08973100,0.44153860,-0.05888290,1.09762000,0.45476590,-0.01339361,1.14501300,0.44425110,0.01286742,1.13926200,0.42765180,0.02918638,1.12053900,0.42214370,0.05592804,1.10269500,0.42446140,10,5
0.00269644,0.97671170,0.48265960,0.00269644,0.97671170,0.48265960,0.00269644,0.97671170,0.48265960,-0.00609873,0.99841760,0.47407790,-0.02343998,1.01550900,0.47282000,-0.04111826,1.04139100,0.46690460,-0.04602765,1.07286800,0.45773320,-0.00755531,1.07338600,0.48442590,-0.00940035,1.10971000,0.47657890,-0.01137863,1.12814200,0.46158490,0.01401709,1.06984600,0.48602540,0.01766907,1.10895000,0.47082660,0.01659171,1.12515700,0.44922550,0.03101057,1.06092100,0.47910910,0.03904242,1.09580100,0.46560500,0.03718438,1.11060000,0.44422410,0.02836551,1.00747900,0.47234980,0.04551879,1.04872100,0.46910980,0.05681739,1.07399300,0.45719600,0.05826301,1.08617400,0.44149360,-0.05375378,1.09449100,0.45023740,-0.01236411,1.14124600,0.44398620,0.01348033,1.13346700,0.42636900,0.02993144,1.11570700,0.42201190,0.05532523,1.09844200,0.42403280,10,5
0.00383268,0.97321530,0.48266070,0.00383268,0.97321530,0.48266070,0.00383268,0.97321530,0.48266070,-0.00494910,0.99486490,0.47392450,-0.02191363,1.01223200,0.47168370,-0.03897841,1.03809000,0.46410170,-0.04272546,1.06932800,0.45365110,-0.00676107,1.06985900,0.48402600,-0.00878243,1.10601100,0.47545940,-0.01079413,1.12349100,0.45937070,0.01480602,1.06639700,0.48585190,0.01840905,1.10562600,0.47096690,0.01715334,1.12080600,0.44864120,0.03189774,1.05750900,0.47913340,0.03985426,1.09247500,0.46580770,0.03732038,1.10586100,0.44358160,0.02950005,1.00403800,0.47251290,0.04654618,1.04532700,0.46931730,0.05747361,1.07052300,0.45690630,0.05779596,1.08172900,0.44043290,-0.04937085,1.09086400,0.44496370,-0.01173088,1.13539900,0.44093840,0.01370626,1.12717800,0.42521740,0.02938002,1.10868300,0.42119740,0.05304841,1.09216300,0.42219560,10,5
0.00313382,0.97135850,0.48275790,0.00313382,0.97135850,0.48275790,0.00313382,0.97135850,0.48275790,-0.00546085,0.99306240,0.47397040,-0.02188165,1.01082000,0.47089590,-0.03806645,1.03678500,0.46188460,-0.04033175,1.06780700,0.45041400,-0.00698990,1.06805300,0.48414980,-0.00887600,1.10409700,0.47511410,-0.01075373,1.12078400,0.45818830,0.01454234,1.06448000,0.48616550,0.01839549,1.10385800,0.47174310,0.01711466,1.11818900,0.44886430,0.03164938,1.05551500,0.47958990,0.03981299,1.09056200,0.46660540,0.03684468,1.10281200,0.44378590,0.02904492,1.00206500,0.47288060,0.04632477,1.04327300,0.46989080,0.05708306,1.06837700,0.45715230,0.05650235,1.07872500,0.44013370,-0.04567653,1.08929100,0.44075530,-0.01153077,1.13167100,0.43912860,0.01344475,1.12289200,0.42508280,0.02840239,1.10378200,0.42142850,0.05026313,1.08750900,0.42148130,10,5
0.00251149,0.96939080,0.48284390,0.00251149,0.96939080,0.48284390,0.00251149,0.96939080,0.48284390,-0.00591091,0.99114480,0.47401340,-0.02179929,1.00924000,0.47019780,-0.03711058,1.03526600,0.45992320,-0.03793648,1.06603200,0.44760150,-0.00719754,1.06612700,0.48428700,-0.00895695,1.10207600,0.47485610,-0.01069235,1.11805400,0.45724510,0.01430045,1.06245600,0.48648400,0.01836869,1.10197200,0.47250390,0.01708906,1.11555200,0.44917200,0.03142417,1.05342500,0.48004400,0.03977355,1.08855500,0.46740720,0.03647870,1.09983900,0.44413920,0.02864237,0.99999580,0.47323560,0.04612898,1.04113100,0.47045480,0.05672633,1.06617200,0.45745850,0.05538527,1.07575200,0.44003830,-0.04201984,1.08741200,0.43713140,-0.01130642,1.12802800,0.43768580,0.01325332,1.11877700,0.42517120,0.02766656,1.09923500,0.42191200,0.04790476,1.08304000,0.42119830,10,5
0.00196647,0.96745390,0.48291790,0.00196647,0.96745390,0.48291790,0.00196647,0.96745390,0.48291790,-0.00630125,0.98925270,0.47405210,-0.02168153,1.00763600,0.46958710,-0.03619335,1.03346900,0.45777920,-0.03591800,1.06381000,0.44442370,-0.00738249,1.06422400,0.48442470,-0.00885392,1.10007200,0.47456870,-0.01039937,1.11495800,0.45600830,0.01408295,1.06046800,0.48678870,0.01833005,1.09998300,0.47285990,0.01705733,1.11276100,0.44907890,0.03122300,1.05138000,0.48047300,0.03970736,1.08653600,0.46800130,0.03573970,1.09607900,0.44406820,0.02829087,0.99797180,0.47356430,0.04595699,1.03904300,0.47098400,0.05666088,1.06390300,0.45772860,0.05439024,1.07243300,0.43986450,-0.03873291,1.08490800,0.43300610,-0.01082379,1.12362600,0.43583120,0.01305493,1.11446700,0.42494960,0.02623075,1.09275900,0.42237440,0.04516252,1.07748700,0.42106800,10,5
0.00193434,0.96593170,0.48111180,0.00193434,0.96593170,0.48111180,0.00193434,0.96593170,0.48111180,-0.00625087,0.98775390,0.47222700,-0.02113781,1.00638600,0.46716230,-0.03484376,1.03197600,0.45394590,-0.03343687,1.06184400,0.43963020,-0.00722113,1.06272000,0.48264970,-0.00851760,1.09846100,0.47238800,-0.00996642,1.11230500,0.45303040,0.01422634,1.05891800,0.48510140,0.01852732,1.09844500,0.47122560,0.01714882,1.11038000,0.44701590,0.03137410,1.04979800,0.47885150,0.03988741,1.08499800,0.46651960,0.03527528,1.09295800,0.44212760,0.02836092,0.99640180,0.47189160,0.04612251,1.03743900,0.46941570,0.05679875,1.06215600,0.45587560,0.05360765,1.06969100,0.43770720,-0.03498882,1.08260100,0.42737650,-0.01029534,1.11973500,0.43236400,0.01289799,1.11054200,0.42286930,0.02519138,1.08726300,0.42120040,0.04283037,1.07267200,0.41929630,10,5
0.00189459,0.96430170,0.47947650,0.00189459,0.96430170,0.47947650,0.00189459,0.96430170,0.47947650,-0.00620871,0.98614780,0.47057510,-0.02060339,1.00500500,0.46495160,-0.03347585,1.03034500,0.45047540,-0.03091225,1.05973100,0.43534510,-0.00707992,1.06110600,0.48106090,-0.00821241,1.09674900,0.47044410,-0.00955899,1.10964500,0.45043550,0.01434902,1.05726000,0.48360450,0.01870406,1.09681200,0.46981510,0.01724110,1.10794600,0.44523200,0.03150668,1.04811300,0.47742270,0.04005305,1.08336100,0.46525340,0.03492666,1.08993500,0.44055320,0.02842094,0.99472870,0.47040130,0.04627291,1.03573300,0.46804140,0.05690718,1.06033400,0.45425860,0.05291529,1.06696900,0.43589860,-0.03121923,1.08012400,0.42240500,-0.00978961,1.11595500,0.42939880,0.01278267,1.10667000,0.42115610,0.02444214,1.08223900,0.42048040,0.04088245,1.06812200,0.41806920,10,5
0.00185405,0.96274270,0.47805290,0.00185405,0.96274270,0.47805290,0.00185405,0.96274270,0.47805290,-0.00617405,0.98461080,0.46913750,-0.02020941,1.00362100,0.46313350,-0.03245907,1.02870500,0.44770360,-0.02919943,1.05770800,0.43197900,-0.00696017,1.05956100,0.47968830,-0.00799181,1.09507500,0.46863800,-0.00922925,1.10759000,0.44838240,0.01445121,1.05567600,0.48231850,0.01884557,1.09519300,0.46844330,0.01727277,1.10536900,0.44345500,0.03161894,1.04650500,0.47620040,0.04005419,1.08194800,0.46453260,0.03523619,1.08917500,0.43995310,0.02847075,0.99313210,0.46911720,0.04640315,1.03410800,0.46687000,0.05705402,1.05860700,0.45291960,0.05313805,1.06521100,0.43453230,-0.02867301,1.07778800,0.41856470,-0.00933951,1.11368700,0.42728180,0.01267884,1.10282800,0.41950520,0.02507778,1.08221700,0.41944830,0.04115505,1.06634900,0.41666840,10,5
0.00192997,0.96137420,0.47604370,0.00192997,0.96137420,0.47604370,0.00192997,0.96137420,0.47604370,-0.00604648,0.98329840,0.46722030,-0.01967876,1.00250600,0.46092270,-0.03125430,1.02737800,0.44465230,-0.02719216,1.05599000,0.42840660,-0.00661074,1.05821000,0.47805640,-0.00756137,1.09363000,0.46670260,-0.00879085,1.10570300,0.44617980,0.01479252,1.05425500,0.48064820,0.01919443,1.09378600,0.46681580,0.01739132,1.10306700,0.44149650,0.03192775,1.04505900,0.47447650,0.04023686,1.08070400,0.46334390,0.03538434,1.08813600,0.43883240,0.02862206,0.99172260,0.46719410,0.04666691,1.03265600,0.46508280,0.05726238,1.05708900,0.45097470,0.05311654,1.06351100,0.43257330,-0.02576588,1.07575300,0.41459360,-0.00889428,1.11147600,0.42498840,0.01252062,1.09927100,0.41776850,0.02527289,1.08132400,0.41825500,0.04079518,1.06427500,0.41492090,10,5
0.00199019,0.95991740,0.47417870,0.00199019,0.95991740,0.47417870,0.00199019,0.95991740,0.47417870,-0.00593194,0.98189430,0.46543770,-0.01914946,1.00129000,0.45883860,-0.03001930,1.02594200,0.44176690,-0.02510611,1.05414600,0.42504920,-0.00629423,1.05676700,0.47654410,-0.00716293,1.09210000,0.46491340,-0.00837756,1.10369300,0.44411500,0.01509956,1.05274700,0.47911280,0.01951488,1.09229900,0.46534420,0.01751146,1.10073300,0.43974540,0.03220799,1.04352800,0.47290080,0.04040905,1.07935100,0.46227070,0.03544986,1.08675400,0.43777190,0.02875869,0.99022700,0.46542760,0.04691059,1.03112000,0.46345640,0.05744693,1.05549400,0.44920310,0.05299743,1.06164900,0.43078120,-0.02276048,1.07357300,0.41089000,-0.00846674,1.10907600,0.42282100,0.01239568,1.09573600,0.41629320,0.02532703,1.07978800,0.41725210,0.04024318,1.06186900,0.41342360,10,5
0.00203683,0.95857350,0.47256470,0.00203683,0.95857350,0.47256470,0.00203683,0.95857350,0.47256470,-0.00583555,0.98059600,0.46389400,-0.01925576,0.99995640,0.45760870,-0.03048502,1.02445400,0.44054720,-0.02597241,1.05264400,0.42369400,-0.00602464,1.05543400,0.47523690,-0.00676070,1.09068300,0.46334780,-0.00792289,1.10219900,0.44250320,0.01536009,1.05135600,0.47779080,0.01977349,1.09093900,0.46410890,0.01773874,1.09929900,0.43848840,0.03244670,1.04211800,0.47154800,0.04082067,1.07802100,0.46133160,0.03555953,1.08476500,0.43670560,0.02887415,0.98884900,0.46390680,0.04711986,1.02970600,0.46206300,0.05769357,1.05446700,0.44852190,0.05343768,1.06102800,0.43019470,-0.02373411,1.07203200,0.40946270,-0.00798268,1.10750900,0.42119090,0.01264459,1.09438800,0.41501330,0.02523285,1.07705700,0.41655580,0.04083762,1.06148800,0.41272960,10,5
0.00122679,0.95625530,0.47205820,0.00122679,0.95625530,0.47205820,0.00122679,0.95625530,0.47205820,-0.00654238,0.97843970,0.46371310,-0.01995149,0.99794200,0.45785780,-0.03126982,1.02248400,0.44091800,-0.02681443,1.05068900,0.42407550,-0.00607430,1.05313500,0.47595550,-0.00658801,1.08840900,0.46412800,-0.00780365,1.09991500,0.44328100,0.01529732,1.04886500,0.47829670,0.01981704,1.08857600,0.46502850,0.01755753,1.09689100,0.43941180,0.03226527,1.03957400,0.47181310,0.04089817,1.07560100,0.46226880,0.03520001,1.08197500,0.43764180,0.02822844,0.98642980,0.46355990,0.04677121,1.02716800,0.46206780,0.05737417,1.05230200,0.44925790,0.05305912,1.05927900,0.43109900,-0.02443181,1.07007800,0.40986960,-0.00797271,1.10521500,0.42196670,0.01221779,1.09196000,0.41599530,0.02449753,1.07376800,0.41788910,0.04030428,1.05993200,0.41375270,10,5
0.00049219,0.95397210,0.47151320,0.00049219,0.95397210,0.47151320,0.00049219,0.95397210,0.47151320,-0.00717448,0.97630080,0.46346320,-0.02070424,0.99587370,0.45814590,-0.03234782,1.02065800,0.44179050,-0.02785732,1.04905000,0.42527460,-0.00610485,1.05085100,0.47652430,-0.00650198,1.08614500,0.46475340,-0.00778321,1.09767800,0.44392520,0.01525085,1.04640700,0.47868020,0.01981402,1.08624600,0.46581420,0.01749537,1.09517500,0.44041070,0.03211153,1.03707100,0.47198520,0.04069550,1.07314100,0.46256150,0.03503494,1.08021100,0.43811630,0.02764979,0.98405070,0.46317330,0.04646765,1.02467300,0.46201030,0.05685998,1.04995300,0.44931430,0.05245063,1.05717000,0.43127250,-0.02547442,1.06860800,0.41130230,-0.00805429,1.10299200,0.42261540,0.01215903,1.09126800,0.41680110,0.02446037,1.07351700,0.41773410,0.03981584,1.05838000,0.41386830,10,5
0.00067624,0.95149660,0.47215350,0.00067624,0.95149660,0.47215350,0.00067624,0.95149660,0.47215350,-0.00697356,0.97391840,0.46435030,-0.02061604,0.99352040,0.45944370,-0.03253318,1.01843000,0.44348060,-0.02798532,1.04692400,0.42715660,-0.00560152,1.04834600,0.47806710,-0.00602138,1.08363500,0.46628300,-0.00741426,1.09509700,0.44542240,0.01575377,1.04382100,0.48005080,0.02021148,1.08377400,0.46750800,0.01776270,1.09304700,0.44224030,0.03254493,1.03449500,0.47316850,0.04095031,1.07063300,0.46384500,0.03519947,1.07806100,0.43952720,0.02787115,0.98156890,0.46391330,0.04680222,1.02214500,0.46299480,0.05689770,1.04757300,0.45035570,0.05230077,1.05489700,0.43240380,-0.02555161,1.06657400,0.41332300,-0.00780707,1.10032800,0.42409430,0.01239153,1.08977800,0.41854190,0.02470730,1.07237700,0.41879860,0.03964953,1.05636700,0.41503170,10,5
0.00083409,0.94905970,0.47266700,0.00083409,0.94905970,0.47266700,0.00083409,0.94905970,0.47266700,-0.00679231,0.97156830,0.46509420,-0.02049698,0.99120990,0.46053150,-0.03259532,1.01621700,0.44485870,-0.02790649,1.04476500,0.42867080,-0.00512886,1.04587300,0.47942870,-0.00556473,1.08115400,0.46761700,-0.00705705,1.09250400,0.44670280,0.01622354,1.04127000,0.48125830,0.02058909,1.08133000,0.46902660,0.01800683,1.09082700,0.44385550,0.03294995,1.03195500,0.47420670,0.04119042,1.06816300,0.46500740,0.03531564,1.07581000,0.44078730,0.02807171,0.97912200,0.46453230,0.04711590,1.01965000,0.46385230,0.05692986,1.04521200,0.45126240,0.05212215,1.05258900,0.43338770,-0.02534143,1.06446700,0.41493540,-0.00755760,1.09761400,0.42534750,0.01258429,1.08801100,0.42011060,0.02487318,1.07090000,0.41983700,0.03939320,1.05419600,0.41608450,10,5
0.00097128,0.94665370,0.47308050,0.00097128,0.94665370,0.47308050,0.00097128,0.94665370,0.47308050,-0.00662666,0.96924410,0.46572540,-0.02025069,0.98898080,0.46133470,-0.03227163,1.01403800,0.44568250,-0.02747491,1.04258300,0.42952130,-0.00468065,1.04342600,0.48064740,-0.00510387,1.07861900,0.46857620,-0.00671628,1.08922300,0.44728270,0.01666697,1.03874800,0.48233690,0.02114519,1.07870100,0.46980130,0.01837302,1.08782400,0.44451230,0.03333244,1.02944300,0.47513010,0.04126740,1.06562600,0.46557230,0.03519014,1.07319700,0.44137860,0.02825584,0.97670310,0.46505580,0.04741303,1.01718100,0.46460900,0.05686066,1.04278400,0.45182290,0.05188285,1.05019400,0.43400830,-0.02475223,1.06227900,0.41580720,-0.00735086,1.09339800,0.42572850,0.01272711,1.08466200,0.42086330,0.02484141,1.06913200,0.42020210,0.03929835,1.05226300,0.41664880,10,5
0.00133553,0.94482050,0.47184160,0.00133553,0.94482050,0.47184160,0.00133553,0.94482050,0.47184160,-0.00612008,0.96753900,0.46474000,-0.01956739,0.98743940,0.46054770,-0.03138169,1.01262800,0.44494930,-0.02630232,1.04116900,0.42886640,-0.00355877,1.04155300,0.48038740,-0.00379843,1.07668800,0.46814610,-0.00546509,1.08665500,0.44655090,0.01775932,1.03669900,0.48194760,0.02251667,1.07655300,0.46920060,0.01960870,1.08536700,0.44381760,0.03432667,1.02734000,0.47458440,0.04214796,1.06349100,0.46481250,0.03591736,1.07104100,0.44065120,0.02881479,0.97474280,0.46400870,0.04827434,1.01507800,0.46388790,0.05749078,1.04070500,0.45098190,0.05236393,1.04817200,0.43323340,-0.02329549,1.06086300,0.41520890,-0.00619665,1.09001700,0.42485800,0.01374761,1.08193900,0.42025800,0.02569264,1.06798900,0.41924540,0.03987312,1.05066800,0.41586240,10,5
0.00166887,0.94293010,0.47066410,0.00166887,0.94293010,0.47066410,0.00166887,0.94293010,0.47066410,-0.00564901,0.96576820,0.46380720,-0.01892492,0.98582230,0.45980530,-0.03053876,1.01113000,0.44424900,-0.02516670,1.03965400,0.42823260,-0.00250314,1.03960800,0.48015330,-0.00257267,1.07468800,0.46775020,-0.00429802,1.08405600,0.44589340,0.01878505,1.03458800,0.48159030,0.02379072,1.07434600,0.46864160,0.02074084,1.08285500,0.44317140,0.03525897,1.02518300,0.47407840,0.04295271,1.06130100,0.46408910,0.03656076,1.06878900,0.43995050,0.02933371,0.97272980,0.46301930,0.04908077,1.01292500,0.46321490,0.05806636,1.03858000,0.45020230,0.05277966,1.04608300,0.43251610,-0.02186620,1.05933500,0.41462390,-0.00512859,1.08665900,0.42410000,0.01467109,1.07916800,0.41970400,0.02647603,1.06671700,0.41836180,0.04034927,1.04893200,0.41515600,10,5
0.00197790,0.94099470,0.46953500,0.00197790,0.94099470,0.46953500,0.00197790,0.94099470,0.46953500,-0.00520572,0.96394540,0.46291600,-0.01833005,0.98413810,0.45911620,-0.02977576,1.00958900,0.44367020,-0.02386526,1.03805900,0.42774620,-0.00149930,1.03760600,0.47993950,-0.00134595,1.07271400,0.46761780,-0.00310711,1.08181500,0.44565140,0.01975855,1.03242700,0.48125800,0.02501594,1.07199500,0.46783340,0.02174557,1.07986300,0.44218490,0.03614265,1.02298100,0.47360320,0.04396891,1.05881100,0.46271990,0.03733726,1.06587100,0.43851690,0.02982114,0.97067500,0.46207540,0.04984407,1.01073100,0.46257940,0.05895947,1.03612300,0.44914810,0.05352979,1.04355000,0.43147320,-0.02011883,1.05770500,0.41420240,-0.00402743,1.08401800,0.42381750,0.01543687,1.07571900,0.41885710,0.02715722,1.06411900,0.41694460,0.04102475,1.04663000,0.41420640,10,5
0.00286223,0.93907770,0.46895650,0.00286223,0.93907770,0.46895650,0.00286223,0.93907770,0.46895650,-0.00438811,0.96206560,0.46254260,-0.01753832,0.98227130,0.45890490,-0.02902555,1.00773900,0.44351640,-0.02283581,1.03618500,0.42765660,-0.00081721,1.03559100,0.48016800,-0.00075321,1.07070600,0.46786580,-0.00261041,1.07947200,0.44577090,0.02045526,1.03045100,0.48140020,0.02559806,1.06986600,0.46749130,0.02206631,1.07707400,0.44168390,0.03684539,1.02110600,0.47363410,0.04442105,1.05671100,0.46186740,0.03749884,1.06325200,0.43760010,0.03062128,0.96888360,0.46168630,0.05055242,1.00898000,0.46248130,0.05951766,1.03421800,0.44866370,0.05388306,1.04151000,0.43099670,-0.01881590,1.05580800,0.41415900,-0.00361554,1.08121600,0.42389950,0.01558770,1.07242000,0.41849940,0.02728172,1.06170900,0.41602930,0.04129593,1.04467300,0.41380460,10,5
0.00368475,0.93712630,0.46836620,0.00368475,0.93712630,0.46836620,0.00368475,0.93712630,0.46836620,-0.00361818,0.96015340,0.46215590,-0.01678074,0.98037900,0.45867740,-0.02829121,1.00586500,0.44333620,-0.02181524,1.03428100,0.42753640,-0.00013863,1.03353800,0.48037740,-0.00014710,1.06865300,0.46807550,-0.00209497,1.07706000,0.44584930,0.02114511,1.02842500,0.48152470,0.02619044,1.06768400,0.46714740,0.02240573,1.07425300,0.44120560,0.03753565,1.01917300,0.47364930,0.04483952,1.05454300,0.46103430,0.03762711,1.06056900,0.43671830,0.03137759,0.96703910,0.46128550,0.05124106,1.00716300,0.46236980,0.06003014,1.03226500,0.44819580,0.05418577,1.03942800,0.43054440,-0.01751466,1.05387500,0.41408340,-0.00318100,1.07832600,0.42394880,0.01575821,1.06910700,0.41817330,0.02738402,1.05925200,0.41514500,0.04151803,1.04266900,0.41342640,10,5
0.00445708,0.93515120,0.46776770,0.00445708,0.93515120,0.46776770,0.00445708,0.93515120,0.46776770,-0.00288722,0.95821880,0.46175940,-0.01610775,0.97844310,0.45850030,-0.02772856,1.00398500,0.44333780,-0.02118661,1.03246600,0.42768230,0.00053587,1.03145700,0.48057110,0.00053040,1.06646700,0.46797260,-0.00153637,1.07386300,0.44540080,0.02182829,1.02636200,0.48163470,0.02692785,1.06543300,0.46677180,0.02300396,1.07177100,0.44079340,0.03821483,1.01719500,0.47365180,0.04547279,1.05234500,0.46041030,0.03780699,1.05748700,0.43602990,0.03209803,0.96515610,0.46087610,0.05191296,1.00529500,0.46224780,0.06049076,1.03038600,0.44792680,0.05419711,1.03722300,0.43030040,-0.01685681,1.05212100,0.41432740,-0.00275475,1.07374800,0.42347100,0.01618068,1.06641900,0.41785970,0.02707756,1.05497400,0.41480180,0.04093422,1.03976400,0.41351800,10,5
0.00466930,0.93325530,0.46774360,0.00466930,0.93325530,0.46774360,0.00466930,0.93325530,0.46774360,-0.00264735,0.95638720,0.46195280,-0.01587595,0.97663140,0.45885340,-0.02743590,1.00228400,0.44383190,-0.02064283,1.03086800,0.42847390,0.00058312,1.02940200,0.48164880,0.00071462,1.06436200,0.46891520,-0.00124812,1.07092200,0.44607690,0.02187083,1.02430800,0.48280970,0.02717484,1.06324900,0.46767930,0.02333905,1.06940400,0.44164370,0.03832256,1.01524600,0.47484100,0.04566475,1.05022100,0.46118890,0.03780739,1.05466300,0.43673210,0.03233838,0.96335700,0.46140960,0.05211323,1.00349000,0.46339950,0.06062122,1.02861400,0.44909450,0.05408144,1.03521900,0.43146930,-0.01611912,1.05061600,0.41532210,-0.00238401,1.06963200,0.42418030,0.01654506,1.06389600,0.41873830,0.02687115,1.05131300,0.41572640,0.04045106,1.03719700,0.41490710,10,5
0.00489392,0.93133510,0.46766610,0.00489392,0.93133510,0.46766610,0.00489392,0.93133510,0.46766610,-0.00239529,0.95452860,0.46209130,-0.01562538,0.97479530,0.45914950,-0.02712105,1.00055200,0.44425660,-0.02006859,1.02922100,0.42917640,0.00067140,1.02731500,0.48263910,0.00093840,1.06222900,0.46978040,-0.00093125,1.06799800,0.44672210,0.02195339,1.02221700,0.48388200,0.02745392,1.06102600,0.46848600,0.02367342,1.06696400,0.44239200,0.03846143,1.01325300,0.47591900,0.04587736,1.04804800,0.46185230,0.03782661,1.05184300,0.43734960,0.03259000,0.96151790,0.46185790,0.05233256,1.00163300,0.46443520,0.06076320,1.02678000,0.45012380,0.05398741,1.03316600,0.43250720,-0.01533888,1.04904600,0.41621480,-0.00199823,1.06561100,0.42491440,0.01688289,1.06127600,0.41952940,0.02670816,1.04781200,0.41656020,0.04002426,1.03463100,0.41617040,10,5
0.00512824,0.92939520,0.46754680,0.00512824,0.92939520,0.46754680,0.00512824,0.92939520,0.46754680,-0.00213382,0.95264780,0.46218700,-0.01542591,0.97290550,0.45947130,-0.02697508,0.99884630,0.44494400,-0.01975530,1.02769200,0.43028720,0.00079128,1.02520200,0.48356080,0.00126782,1.06018700,0.47090460,-0.00051897,1.06535600,0.44769780,0.02206686,1.02009400,0.48487370,0.02760957,1.05893900,0.46958140,0.02378522,1.06439300,0.44338850,0.03862435,1.01122300,0.47690980,0.04620441,1.04613400,0.46322490,0.03806698,1.04963900,0.43870760,0.03285038,0.95964620,0.46223960,0.05256663,0.99973400,0.46538030,0.06127539,1.02493300,0.45132990,0.05456895,1.03146200,0.43373890,-0.01488071,1.04767200,0.41761960,-0.00158000,1.06169000,0.42606790,0.01692839,1.05802000,0.42072740,0.02668341,1.04449700,0.41831050,0.04057391,1.03299500,0.41743560,10,5
0.00515351,0.92733070,0.46785130,0.00515351,0.92733070,0.46785130,0.00515351,0.92733070,0.46785130,-0.00217916,0.95058660,0.46260270,-0.01560211,0.97077640,0.46002930,-0.02731876,0.99676430,0.44572200,-0.02005611,1.02571200,0.43128940,0.00040601,1.02302600,0.48440340,0.00092404,1.05800200,0.47172030,-0.00086305,1.06243000,0.44836090,0.02169643,1.01799100,0.48575380,0.02710842,1.05678800,0.47029670,0.02316106,1.06163500,0.44400270,0.03831203,1.00922800,0.47779120,0.04585751,1.04416800,0.46416040,0.03754549,1.04718600,0.43963690,0.03277812,0.95771550,0.46280590,0.05233347,0.99785800,0.46623970,0.06114387,1.02304900,0.45223820,0.05439672,1.02955800,0.43465530,-0.01512600,1.04577700,0.41877860,-0.00195931,1.05742400,0.42700320,0.01621168,1.05449300,0.42160070,0.02591221,1.04090300,0.41970560,0.04029297,1.03097500,0.41843550,10,5
0.00521414,0.92510270,0.46809070,0.00521414,0.92510270,0.46809070,0.00521414,0.92510270,0.46809070,-0.00218213,0.94836760,0.46297320,-0.01572292,0.96849750,0.46055130,-0.02758737,0.99453690,0.44646120,-0.02026398,1.02358500,0.43226230,0.00008516,1.02066900,0.48526130,0.00064821,1.05563700,0.47255800,-0.00113459,1.05935400,0.44907470,0.02138847,1.01569800,0.48664550,0.02668852,1.05444900,0.47103360,0.02263369,1.05874200,0.44465980,0.03805903,1.00704500,0.47867750,0.04555955,1.04200000,0.46505950,0.03707734,1.04454500,0.44054060,0.03274959,0.95561470,0.46333390,0.05215568,0.99580030,0.46709530,0.06104235,1.02098800,0.45313470,0.05423357,1.02746700,0.43556480,-0.01526369,1.04373400,0.41991510,-0.00225539,1.05311300,0.42804600,0.01560609,1.05091000,0.42251390,0.02522726,1.03718300,0.42111250,0.04000878,1.02876000,0.41944070,10,5
0.00528832,0.92295720,0.46827910,0.00528832,0.92295720,0.46827910,0.00528832,0.92295720,0.46827910,-0.00216330,0.94623290,0.46329260,-0.01577477,0.96632800,0.46098140,-0.02771204,0.99257090,0.44733720,-0.02036986,1.02183000,0.43358770,-0.00017885,1.01839300,0.48606070,0.00069108,1.05349400,0.47374940,-0.00103117,1.05758200,0.45032320,0.02113527,1.01347700,0.48747440,0.02660482,1.05248100,0.47256650,0.02265231,1.05714300,0.44624000,0.03785488,1.00492700,0.47949850,0.04530513,1.04005300,0.46630060,0.03683873,1.04260800,0.44177740,0.03274518,0.95358220,0.46380270,0.05201888,0.99380030,0.46788390,0.06090036,1.01886400,0.45369990,0.05397045,1.02522500,0.43613420,-0.01551065,1.04219200,0.42153840,-0.00221977,1.05124500,0.42932700,0.01562064,1.04939400,0.42406680,0.02495795,1.03472500,0.42257420,0.03958333,1.02636600,0.42014310,10,5
0.00508338,0.92049130,0.46912010,0.00508338,0.92049130,0.46912010,0.00508338,0.92049130,0.46912010,-0.00236949,0.94377010,0.46414960,-0.01600991,0.96384500,0.46183390,-0.02794298,0.99022160,0.44844630,-0.02048923,1.01959100,0.43499480,-0.00058540,1.01588000,0.48709520,0.00064315,1.05102900,0.47495310,-0.00097051,1.05518400,0.45153110,0.02072686,1.01098400,0.48860690,0.02642408,1.05010400,0.47409350,0.02260933,1.05489300,0.44776930,0.03749705,1.00247200,0.48069710,0.04497436,1.03766400,0.46769170,0.03655774,1.04006700,0.44313600,0.03252738,0.95115810,0.46485590,0.05173334,0.99138870,0.46912950,0.06068595,1.01627300,0.45467610,0.05368849,1.02246600,0.43707730,-0.01567332,1.04007800,0.42314090,-0.00218969,1.04850200,0.43064380,0.01560030,1.04704700,0.42562270,0.02467389,1.03158300,0.42419240,0.03918377,1.02342100,0.42118050,10,5
0.00491599,0.91807440,0.46986590,0.00491599,0.91807440,0.46986590,0.00491599,0.91807440,0.46986590,-0.00253821,0.94135910,0.46492550,-0.01620824,0.96141520,0.46262090,-0.02814337,0.98791610,0.44948290,-0.02057127,1.01738500,0.43631990,-0.00094219,1.01340500,0.48808270,0.00062510,1.04858900,0.47608010,-0.00089835,1.05269100,0.45264270,0.02036788,1.00852900,0.48968270,0.02626793,1.04773600,0.47549060,0.02256105,1.05257400,0.44915990,0.03718499,1.00005600,0.48182940,0.04467810,1.03529800,0.46896880,0.03628203,1.03749900,0.44438700,0.03234686,0.94878250,0.46581990,0.05148852,0.98902130,0.47029900,0.06050614,1.01373600,0.45559830,0.05342907,1.01977100,0.43797590,-0.01578079,1.03798700,0.42465630,-0.00216391,1.04555300,0.43190990,0.01555641,1.04457400,0.42706700,0.02438479,1.02839100,0.42574360,0.03879640,1.02054500,0.42218700,10,5
0.00477954,0.91580480,0.47051750,0.00477954,0.91580480,0.47051750,0.00477954,0.91580480,0.47051750,-0.00267606,0.93909690,0.46561410,-0.01633471,0.95915830,0.46328830,-0.02820556,0.98583100,0.45044320,-0.02055613,1.01543400,0.43763010,-0.00125166,1.01107500,0.48899280,0.00147225,1.04624100,0.47714660,0.00006395,1.05070700,0.45376850,0.02005605,1.00621400,0.49067090,0.02601425,1.04538500,0.47640030,0.02240124,1.05023100,0.45005830,0.03691546,0.99778200,0.48286550,0.04453497,1.03299300,0.46999480,0.03622734,1.03526200,0.44538930,0.03219746,0.94655140,0.46668230,0.05127982,0.98679540,0.47136460,0.06045516,1.01166800,0.45703140,0.05376253,1.01809800,0.43939880,-0.01609197,1.03622800,0.42617880,-0.00148448,1.04379000,0.43297980,0.01546059,1.04223200,0.42794530,0.02435200,1.02618700,0.42671630,0.03954249,1.01943600,0.42327420,10,5
0.00494880,0.91398930,0.46911360,0.00494880,0.91398930,0.46911360,0.00494880,0.91398930,0.46911360,-0.00254815,0.93727610,0.46424840,-0.01622622,0.95732640,0.46194030,-0.02812035,0.98412430,0.44938050,-0.02046482,1.01383300,0.43681750,-0.00124510,1.00922000,0.48774090,0.00242916,1.04432200,0.47596160,0.00102491,1.04897700,0.45262030,0.02007132,1.00439300,0.48940780,0.02600046,1.04351800,0.47499980,0.02234897,1.04829800,0.44865100,0.03694407,0.99600270,0.48158630,0.04459028,1.03117300,0.46862110,0.03623423,1.03339900,0.44402800,0.03231252,0.94478970,0.46532270,0.05132560,0.98505930,0.47006560,0.06054397,1.01003300,0.45593740,0.05406942,1.01673400,0.43832430,-0.01636226,1.03478300,0.42551870,-0.00086570,1.04209100,0.43184970,0.01536743,1.04021200,0.42658200,0.02429167,1.02421900,0.42544920,0.04010638,1.01847700,0.42201480,10,5
0.00510973,0.91215050,0.46785230,0.00510973,0.91215050,0.46785230,0.00510973,0.91215050,0.46785230,-0.00242460,0.93543480,0.46303300,-0.01604831,0.95551620,0.46067480,-0.02783378,0.98251690,0.44845140,-0.02010730,1.01235300,0.43623960,-0.00124137,1.00733300,0.48667020,0.00252526,1.04240100,0.47481960,0.00113216,1.04716500,0.45149940,0.02008270,1.00253800,0.48832980,0.02603976,1.04170400,0.47404760,0.02234447,1.04639400,0.44768860,0.03696997,0.99419060,0.48049340,0.04470530,1.02931600,0.46745920,0.03621440,1.03128100,0.44289000,0.03242366,0.94300300,0.46412640,0.05137058,0.98329380,0.46895240,0.06058365,1.00831100,0.45489720,0.05394902,1.01488600,0.43729640,-0.01607040,1.03344600,0.42518410,-0.00079998,1.04030900,0.43072250,0.01530634,1.03814600,0.42569820,0.02414360,1.02175700,0.42456940,0.03976221,1.01630200,0.42114910,10,5
0.00515656,0.90996130,0.46749420,0.00515656,0.90996130,0.46749420,0.00515656,0.90996130,0.46749420,-0.00238499,0.93325080,0.46271180,-0.01594848,0.95335820,0.46023130,-0.02753499,0.98058380,0.44832030,-0.01963364,1.01058200,0.43662860,-0.00160717,1.00503700,0.48670330,0.00236064,1.04010500,0.47491680,0.00119465,1.04498600,0.45160850,0.01971075,1.00028400,0.48855150,0.02580708,1.03953000,0.47454900,0.02231967,1.04418600,0.44815580,0.03669468,0.99201380,0.48084320,0.04461430,1.02713400,0.46790700,0.03622328,1.02888900,0.44328760,0.03243262,0.94089490,0.46418720,0.05123488,0.98120620,0.46939370,0.06055836,1.00629800,0.45554720,0.05392484,1.01278100,0.43791140,-0.01556133,1.03184800,0.42592250,-0.00058970,1.03812900,0.43081870,0.01544096,1.03581200,0.42616220,0.02420734,1.01903500,0.42510540,0.03966738,1.01389300,0.42180270,10,5
0.00520680,0.90778690,0.46716160,0.00520680,0.90778690,0.46716160,0.00520680,0.90778690,0.46716160,-0.00234229,0.93108280,0.46242200,-0.01584648,0.95121670,0.45983530,-0.02725124,0.97865830,0.44824920,-0.01918329,1.00880900,0.43707320,-0.00194694,1.00275300,0.48676600,0.00222888,1.03781900,0.47504670,0.00126944,1.04278900,0.45174780,0.01936356,0.99803830,0.48878840,0.02559265,1.03735900,0.47505620,0.02229479,1.04197700,0.44863190,0.03643649,0.98984270,0.48119790,0.04452961,1.02495800,0.46835480,0.03622103,1.02650000,0.44369330,0.03244300,0.93879590,0.46425660,0.05110607,0.97912260,0.46983140,0.06053078,1.00428000,0.45617360,0.05388775,1.01066700,0.43850680,-0.01507854,1.03023900,0.42671450,-0.00039414,1.03588300,0.43096430,0.01555623,1.03347100,0.42664560,0.02424491,1.01631000,0.42567120,0.03955239,1.01148200,0.42244940,10,5
0.00525969,0.90562560,0.46684880,0.00525969,0.90562560,0.46684880,0.00525969,0.90562560,0.46684880,-0.00229734,0.92892850,0.46215680,-0.01569330,0.94911620,0.45943020,-0.02685387,0.97691260,0.44846870,-0.01859701,1.00729100,0.43807570,-0.00226685,1.00048000,0.48685110,0.00170676,1.03568000,0.47546640,0.00092585,1.04070400,0.45217250,0.01903518,0.99579980,0.48903670,0.02522237,1.03516600,0.47541680,0.02202891,1.03940900,0.44891690,0.03619108,0.98767690,0.48155580,0.04438458,1.02288800,0.46904210,0.03620575,1.02433400,0.44433150,0.03245414,0.93670510,0.46433240,0.05098202,0.97704300,0.47026590,0.06035171,1.00222700,0.45661930,0.05357086,1.00837100,0.43891850,-0.01432582,1.02894800,0.42826990,-0.00049616,1.03368300,0.43140960,0.01541390,1.03042700,0.42708280,0.02434437,1.01391500,0.42636440,0.03904617,1.00867500,0.42301430,10,5
0.00473547,0.90326930,0.46560760,0.00473547,0.90326930,0.46560760,0.00473547,0.90326930,0.46560760,-0.00283842,0.92659120,0.46103870,-0.01613905,0.94683120,0.45823400,-0.02707471,0.97498340,0.44797660,-0.01864481,1.00561000,0.43849050,-0.00327736,0.99792370,0.48635550,0.00053608,1.03328400,0.47542320,-0.00002401,1.03845100,0.45215410,0.01801362,0.99328380,0.48872730,0.02416801,1.03275300,0.47539370,0.02114016,1.03675600,0.44883700,0.03527156,0.98527470,0.48135930,0.04355685,1.02062500,0.46930660,0.03555227,1.02205600,0.44453810,0.03186533,0.93444560,0.46365280,0.05021247,0.97478150,0.47013550,0.05954721,1.00005100,0.45662340,0.05267431,1.00602700,0.43890060,-0.01421870,1.02751400,0.42932380,-0.00117568,1.03139000,0.43138780,0.01470217,1.02741600,0.42710050,0.02384450,1.01145900,0.42657420,0.03801321,1.00589500,0.42311960,10,5
0.00426075,0.90093560,0.46445620,0.00426075,0.90093560,0.46445620,0.00426075,0.90093560,0.46445620,-0.00333055,0.92427500,0.46000710,-0.01653720,0.94456680,0.45713310,-0.02726899,0.97303810,0.44756440,-0.01868355,1.00388100,0.43895740,-0.00422192,0.99538990,0.48591740,-0.00054477,1.03089200,0.47540800,-0.00089487,1.03619300,0.45216480,0.01705662,0.99078690,0.48846600,0.02318303,1.03035300,0.47540960,0.02031768,1.03413300,0.44880240,0.03441025,0.98288620,0.48120640,0.04277932,1.01836100,0.46958730,0.03493572,1.01976700,0.44476600,0.03132322,0.93219940,0.46303930,0.04949285,0.97252790,0.47004700,0.05879723,0.99787650,0.45666240,0.05183706,1.00368900,0.43891940,-0.01411908,1.02600700,0.43041210,-0.00179721,1.02908500,0.43140240,0.01404791,1.02445600,0.42716420,0.02336915,1.00898300,0.42682160,0.03705053,1.00313700,0.42326500,10,5
0.00382495,0.89861970,0.46337560,0.00382495,0.89861970,0.46337560,0.00382495,0.89861970,0.46337560,-0.00378434,0.92197520,0.45904350,-0.01676333,0.94238810,0.45599610,-0.02706635,0.97099720,0.44636680,-0.01805286,1.00180900,0.43809660,-0.00511544,0.99287290,0.48552380,-0.00136464,1.02845500,0.47531240,-0.00152484,1.03377900,0.45207270,0.01614939,0.98830370,0.48824210,0.02248817,1.02786500,0.47527310,0.01974320,1.03137100,0.44861570,0.03359359,0.98050710,0.48108770,0.04199632,1.01604200,0.46967730,0.03433768,1.01750000,0.44480130,0.03081727,0.92996320,0.46247790,0.04881132,0.97027930,0.46999150,0.05815923,0.99565340,0.45668590,0.05110434,1.00129700,0.43892570,-0.01301127,1.02391600,0.42977290,-0.00225220,1.02666100,0.43130700,0.01350142,1.02131200,0.42714420,0.02292567,1.00672200,0.42675510,0.03619146,1.00039200,0.42340820,10,5
0.00314339,0.89675150,0.46355010,0.00314339,0.89675150,0.46355010,0.00314339,0.89675150,0.46355010,-0.00452368,0.92010190,0.45929310,-0.01730938,0.94061680,0.45611540,-0.02729480,0.96932860,0.44645770,-0.01795743,1.00008200,0.43832940,-0.00601555,0.99091400,0.48599330,-0.00229812,1.02652300,0.47586600,-0.00250088,1.03176300,0.45260740,0.01526122,0.98638760,0.48868960,0.02167501,1.02588400,0.47556280,0.01878340,1.02899600,0.44887190,0.03272147,0.97865530,0.48150470,0.04105330,1.01419300,0.47005180,0.03332103,1.01555900,0.44519330,0.03005987,0.92816260,0.46273960,0.04795964,0.96849850,0.47037140,0.05721869,0.99383230,0.45692780,0.04989643,0.99922230,0.43919720,-0.01255252,1.02214100,0.43010670,-0.00326343,1.02451800,0.43188690,0.01235812,1.01846700,0.42768190,0.02187435,1.00466400,0.42723930,0.03471094,0.99789320,0.42397740,10,5
0.00250925,0.89485730,0.46366700,0.00250925,0.89485730,0.46366700,0.00250925,0.89485730,0.46366700,-0.00521163,0.91820390,0.45948700,-0.01780806,0.93881640,0.45618730,-0.02748469,0.96764030,0.44654930,-0.01783665,0.99834740,0.43860980,-0.00687718,0.98892140,0.48642640,-0.00319091,1.02456200,0.47639870,-0.00342027,1.02973100,0.45312440,0.01440947,0.98443600,0.48911320,0.02089754,1.02387700,0.47585680,0.01787698,1.02661000,0.44913880,0.03188977,0.97676910,0.48190690,0.04016259,1.01231500,0.47043650,0.03236831,1.01358400,0.44559220,0.02935196,0.92633420,0.46297020,0.04715474,0.96668600,0.47074340,0.05633210,0.99198560,0.45717980,0.04875865,0.99713090,0.43948200,-0.01208629,1.02036900,0.43052350,-0.00420397,1.02235900,0.43244940,0.01128856,1.01563400,0.42822810,0.02089545,1.00255900,0.42773460,0.03332214,0.99538760,0.42455950,10,5
0.00191229,0.89294240,0.46373860,0.00191229,0.89294240,0.46373860,0.00191229,0.89294240,0.46373860,-0.00585933,0.91628610,0.45963720,-0.01825889,0.93699770,0.45621500,-0.02757979,0.96576620,0.44607390,-0.01787519,0.99639790,0.43791510,-0.00770873,0.98690150,0.48683090,-0.00387338,1.02253800,0.47684440,-0.00411188,1.02769400,0.45356730,0.01358617,0.98245550,0.48951790,0.02004799,1.02185600,0.47612820,0.01698749,1.02448800,0.44940450,0.03108961,0.97485520,0.48229740,0.03935445,1.01033400,0.47061360,0.03139960,1.01123900,0.44580430,0.02868272,0.92448340,0.46317640,0.04638632,0.96484770,0.47110920,0.05541732,0.99023180,0.45760530,0.04768614,0.99522480,0.43993210,-0.01202581,1.01833100,0.42966010,-0.00494334,1.02039200,0.43286920,0.01034582,1.01334300,0.42859990,0.01982379,0.99987020,0.42823100,0.03213437,0.99316640,0.42517030,10,5
0.00109887,0.89049510,0.46357720,0.00109887,0.89049510,0.46357720,0.00109887,0.89049510,0.46357720,-0.00665392,0.91388780,0.45972660,-0.01879964,0.93475670,0.45635040,-0.02769401,0.96359120,0.44601520,-0.01782833,0.99418460,0.43790640,-0.00843435,0.98421160,0.48767040,-0.00436971,1.01990400,0.47797830,-0.00462777,1.02520500,0.45473420,0.01285755,0.97971900,0.49030320,0.01940663,1.01915400,0.47705910,0.01627649,1.02184700,0.45034960,0.03035224,0.97218100,0.48299680,0.03870507,1.00765600,0.47136550,0.03057567,1.00842600,0.44660830,0.02789623,0.92201740,0.46334200,0.04563693,0.96228000,0.47169800,0.05459274,0.98780310,0.45840780,0.04669584,0.99278210,0.44080400,-0.01180831,1.01608200,0.42967980,-0.00554942,1.01809200,0.43397440,0.00951693,1.01066900,0.42960110,0.01885128,0.99689580,0.42924020,0.03100180,0.99054940,0.42621920,10,5
0.00032553,0.88806340,0.46340320,0.00032553,0.88806340,0.46340320,0.00032553,0.88806340,0.46340320,-0.00741280,0.91149880,0.45979060,-0.01930975,0.93251680,0.45645330,-0.02778450,0.96142370,0.44596910,-0.01776003,0.99198680,0.43794120,-0.00915544,0.98153480,0.48845030,-0.00488054,1.01727900,0.47904420,-0.00515067,1.02271300,0.45583080,0.01213340,0.97700290,0.49104010,0.01876692,1.01647000,0.47793280,0.01557176,1.01919000,0.45123370,0.02962467,0.96952940,0.48365950,0.03805814,1.00500400,0.47208510,0.02976975,1.00564400,0.44737700,0.02714167,0.91957050,0.46349340,0.04490510,0.95973510,0.47226240,0.05378848,0.98538550,0.45917030,0.04572903,0.99033310,0.44163150,-0.01157024,1.01385700,0.42976680,-0.00614966,1.01576100,0.43501990,0.00870145,1.00794700,0.43055670,0.01791323,0.99395330,0.43020690,0.02989801,0.98790560,0.42722690,10,5
-0.00041630,0.88564380,0.46321940,-0.00041630,0.88564380,0.46321940,-0.00041630,0.88564380,0.46321940,-0.00814369,0.90911670,0.45983440,-0.01991180,0.93022530,0.45661390,-0.02815532,0.95917730,0.44606970,-0.01821909,0.98979150,0.43812750,-0.00987331,0.97886720,0.48918320,-0.00581486,1.01470200,0.48003060,-0.00608228,1.02021200,0.45683500,0.01141247,0.97430150,0.49173860,0.01809916,1.01387100,0.47897190,0.01485889,1.01663000,0.45228230,0.02890450,0.96689430,0.48429330,0.03747033,1.00255700,0.47341690,0.02907190,1.00312700,0.44874420,0.02641206,0.91713790,0.46363390,0.04418679,0.95720700,0.47280770,0.05323832,0.98311110,0.46034540,0.04517565,0.98824420,0.44286140,-0.01197732,1.01167300,0.43002550,-0.00699697,1.01333300,0.43599610,0.00790554,1.00527100,0.43169650,0.01715117,0.99108550,0.43186320,0.02927087,0.98569610,0.42855930,10,5
-0.00092607,0.88251210,0.46161110,-0.00092607,0.88251210,0.46161110,-0.00092607,0.88251210,0.46161110,-0.00864123,0.90605120,0.45868970,-0.02026675,0.92728820,0.45581460,-0.02828939,0.95638810,0.44550990,-0.01843036,0.98710560,0.43787610,-0.01015754,0.97525640,0.48931330,-0.00628930,1.01124600,0.48070060,-0.00666517,1.01703000,0.45757340,0.01113418,0.97062190,0.49168880,0.01784385,1.01038200,0.47954060,0.01442344,1.01339500,0.45290100,0.02858390,0.96333280,0.48403070,0.03724508,0.99923150,0.47404100,0.02861522,0.99994340,0.44945200,0.02594059,0.91396430,0.46247870,0.04380308,0.95384000,0.47230130,0.05294694,0.98005820,0.46058540,0.04477498,0.98549370,0.44324420,-0.01214401,1.00906100,0.43000990,-0.00762084,1.01040100,0.43665550,0.00727322,1.00209500,0.43235040,0.01654298,0.98772760,0.43280560,0.02871751,0.98293330,0.42911600,10,5
-0.00143399,0.87944750,0.46011550,-0.00143399,0.87944750,0.46011550,-0.00143399,0.87944750,0.46011550,-0.00913765,0.90304040,0.45763050,-0.02061194,0.92439940,0.45506860,-0.02839640,0.95363650,0.44497190,-0.01859532,0.98444290,0.43762680,-0.01047104,0.97170780,0.48944990,-0.00676365,1.00783400,0.48135140,-0.00723219,1.01387000,0.45829040,0.01082512,0.96701390,0.49166360,0.01756281,1.00694000,0.48008790,0.01397749,1.01017300,0.45349590,0.02823857,0.95984260,0.48381420,0.03699285,0.99593600,0.47464090,0.02814944,0.99676280,0.45013150,0.02546591,0.91085590,0.46142330,0.04340389,0.95054020,0.47186460,0.05262528,0.97703070,0.46084260,0.04434054,0.98272470,0.44363840,-0.01225086,1.00645900,0.42998130,-0.00822305,1.00747100,0.43730260,0.00664572,0.99890650,0.43299090,0.01594656,0.98436700,0.43371500,0.02813936,0.98011530,0.42968420,10,5
-0.00196564,0.87629440,0.45865510,-0.00196564,0.87629440,0.45865510,-0.00196564,0.87629440,0.45865510,-0.00965834,0.89993250,0.45660220,-0.02114446,0.92133140,0.45446100,-0.02897165,0.95073850,0.44490540,-0.01924415,0.98168240,0.43805780,-0.01082982,0.96804300,0.48960300,-0.00697722,1.00430200,0.48219690,-0.00755974,1.01052000,0.45918690,0.01046977,0.96329560,0.49166440,0.01735450,1.00348900,0.48115270,0.01363983,1.00708600,0.45462520,0.02785112,0.95624720,0.48363440,0.03665341,0.99257110,0.47547240,0.02764644,0.99354300,0.45102800,0.02496401,0.90765540,0.46041320,0.04296896,0.94714050,0.47147590,0.05187979,0.97393890,0.46095420,0.04338264,0.97967910,0.44386940,-0.01273349,1.00378300,0.43080560,-0.00873080,1.00413200,0.43820490,0.00610014,0.99582370,0.43419340,0.01536955,0.98062370,0.43507680,0.02705084,0.97668800,0.43014600,10,5
-0.00132964,0.87390670,0.45766380,-0.00132964,0.87390670,0.45766380,-0.00132964,0.87390670,0.45766380,-0.00915466,0.89753010,0.45597440,-0.02075463,0.91889910,0.45417540,-0.02876174,0.94839190,0.44504270,-0.01927365,0.97949210,0.43857760,-0.01055117,0.96516260,0.48993540,-0.00679500,1.00154200,0.48308930,-0.00754215,1.00787700,0.46011620,0.01078120,0.96049990,0.49184550,0.01755308,1.00093000,0.48220140,0.01366606,1.00476400,0.45573180,0.02816689,0.95365760,0.48364850,0.03679747,0.99020480,0.47634480,0.02760848,0.99119720,0.45196900,0.02544169,0.90538240,0.45975690,0.04328329,0.94480310,0.47130320,0.05173647,0.97191230,0.46120860,0.04299435,0.97759790,0.44422940,-0.01272728,1.00168100,0.43163230,-0.00885657,1.00145700,0.43915270,0.00598080,0.99339900,0.43541100,0.01534975,0.97770110,0.43648860,0.02656835,0.97410270,0.43073960,10,5
-0.00079311,0.87151460,0.45670240,-0.00079311,0.87151460,0.45670240,-0.00079311,0.87151460,0.45670240,-0.00873691,0.89512080,0.45536460,-0.02042121,0.91646820,0.45388290,-0.02856045,0.94604250,0.44513860,-0.01927868,0.97727910,0.43904180,-0.01033511,0.96227440,0.49025450,-0.00666598,0.99875940,0.48394670,-0.00756311,1.00521100,0.46101150,0.01102599,0.95768890,0.49202560,0.01770351,0.99832030,0.48319630,0.01365469,1.00236900,0.45678300,0.02841474,0.95104350,0.48367460,0.03690354,0.98778210,0.47721370,0.02754939,0.98880180,0.45290200,0.02583484,0.90308760,0.45913290,0.04352905,0.94243200,0.47115610,0.05155716,0.96982690,0.46149520,0.04259173,0.97545650,0.44461410,-0.01267915,0.99954140,0.43238950,-0.00900570,0.99876920,0.44006310,0.00583442,0.99089940,0.43657290,0.01533360,0.97478210,0.43785910,0.02610243,0.97147160,0.43133890,10,5
-0.00033827,0.86916880,0.45578190,-0.00033827,0.86916880,0.45578190,-0.00033827,0.86916880,0.45578190,-0.00838863,0.89275560,0.45477980,-0.02017090,0.91406890,0.45361640,-0.02846510,0.94371260,0.44526150,-0.01958197,0.97513400,0.43953210,-0.01016708,0.95943700,0.49055550,-0.00639531,0.99604160,0.48505290,-0.00743596,1.00271900,0.46218840,0.01121924,0.95492230,0.49219930,0.01793094,0.99580440,0.48464620,0.01375032,1.00017000,0.45830400,0.02860999,0.94846340,0.48370710,0.03665517,0.98534570,0.47750260,0.02702697,0.98574550,0.45328000,0.02616005,0.90082350,0.45854460,0.04372158,0.94008360,0.47102920,0.05056998,0.96758580,0.46078250,0.04079597,0.97208120,0.44401040,-0.01330971,0.99756590,0.43313750,-0.00907030,0.99630120,0.44124670,0.00580402,0.98867660,0.43815660,0.01497033,0.97081340,0.43900640,0.02407757,0.96639410,0.43167520,10,5
-0.00026488,0.86706420,0.45484690,-0.00026488,0.86706420,0.45484690,-0.00026488,0.86706420,0.45484690,-0.00835650,0.89064740,0.45413390,-0.02016750,0.91195790,0.45324360,-0.02852476,0.94167200,0.44520770,-0.01992177,0.97322180,0.43976350,-0.01009219,0.95693400,0.49063770,-0.00615007,0.99361600,0.48581160,-0.00733508,1.00047100,0.46300660,0.01130784,0.95243640,0.49214440,0.01814972,0.99348910,0.48571680,0.01383060,0.99814450,0.45944670,0.02867349,0.94609830,0.48351120,0.03640986,0.98308060,0.47751260,0.02652946,0.98293890,0.45338890,0.02619468,0.89872990,0.45784370,0.04374574,0.93788080,0.47068100,0.04958663,0.96541480,0.45990940,0.03916869,0.96889140,0.44328340,-0.01387413,0.99577190,0.43357150,-0.00918300,0.99405490,0.44208200,0.00571833,0.98663950,0.43937230,0.01460459,0.96723380,0.43985320,0.02236521,0.96175420,0.43185060,10,5
-0.00021032,0.86493150,0.45392840,-0.00021032,0.86493150,0.45392840,-0.00021032,0.86493150,0.45392840,-0.00834209,0.88850780,0.45350300,-0.02017278,0.90981680,0.45287770,-0.02857650,0.93959950,0.44515020,-0.02023294,0.97126720,0.43999400,-0.01004432,0.95439000,0.49073330,-0.00594042,0.99113580,0.48657260,-0.00726187,0.99816790,0.46382910,0.01136841,0.94991120,0.49210980,0.01834350,0.99109940,0.48678690,0.01389528,0.99604700,0.46059190,0.02871115,0.94369580,0.48334230,0.03615889,0.98077530,0.47758280,0.02605764,0.98012950,0.45355890,0.02621005,0.89660580,0.45716980,0.04374753,0.93564320,0.47036640,0.04864697,0.96318860,0.45916320,0.03769822,0.96571050,0.44270700,-0.01437971,0.99392400,0.43400840,-0.00931007,0.99176160,0.44292030,0.00562608,0.98453340,0.44058650,0.01430055,0.96370640,0.44074810,0.02093745,0.95725080,0.43214690,10,5
-0.00016987,0.86288440,0.45306500,-0.00016987,0.86288440,0.45306500,-0.00016987,0.86288440,0.45306500,-0.00833901,0.88645110,0.45291220,-0.02015410,0.90777430,0.45251420,-0.02856212,0.93767600,0.44526540,-0.02033027,0.96944270,0.44055890,-0.01001475,0.95194050,0.49083050,-0.00583198,0.98875700,0.48744630,-0.00725602,0.99608680,0.46480320,0.01140936,0.94748110,0.49208770,0.01826237,0.98885800,0.48828750,0.01383854,0.99445970,0.46222040,0.02873156,0.94138410,0.48319730,0.03575043,0.97853020,0.47732960,0.02527775,0.97646680,0.45354600,0.02621304,0.89456460,0.45654560,0.04373585,0.93349020,0.47008740,0.04750033,0.96101270,0.45839970,0.03588146,0.96196800,0.44224010,-0.01453196,0.99219730,0.43489970,-0.00944662,0.98978130,0.44387820,0.00564471,0.98329730,0.44198640,0.01385198,0.95883450,0.44211700,0.01940932,0.95141950,0.43321770,10,5
-0.00023507,0.86044850,0.45360760,-0.00023507,0.86044850,0.45360760,-0.00023507,0.86044850,0.45360760,-0.00862961,0.88393560,0.45380120,-0.02059739,0.90517660,0.45366070,-0.02918916,0.93515940,0.44698520,-0.02129485,0.96710740,0.44297860,-0.01112429,0.94877020,0.49278470,-0.00712895,0.98568680,0.49041680,-0.00852711,0.99342210,0.46790740,0.01033518,0.94449500,0.49407860,0.01677639,0.98606190,0.49203970,0.01252342,0.99238150,0.46610850,0.02775936,0.93871130,0.48517820,0.03412387,0.97601000,0.47953660,0.02359692,0.97277500,0.45590790,0.02582425,0.89231690,0.45774570,0.04290410,0.93117860,0.47201730,0.04550633,0.95874390,0.46011590,0.03355036,0.95828570,0.44418210,-0.01569015,0.99003010,0.43782540,-0.01063440,0.98731900,0.44691390,0.00463580,0.98157790,0.44556050,0.01279054,0.95410890,0.44557020,0.01773390,0.94590720,0.43639630,10,5
-0.00030062,0.85802810,0.45402390,-0.00030062,0.85802810,0.45402390,-0.00030062,0.85802810,0.45402390,-0.00890273,0.88143470,0.45455440,-0.02098139,0.90261320,0.45464980,-0.02970633,0.93268640,0.44858180,-0.02185775,0.96472700,0.44528850,-0.01213728,0.94561400,0.49455450,-0.00820102,0.98257450,0.49287000,-0.00964299,0.99033510,0.47037210,0.00935327,0.94150670,0.49587570,0.01541184,0.98316400,0.49468520,0.01109323,0.98923710,0.46870610,0.02686603,0.93601850,0.48696200,0.03247166,0.97341040,0.48113510,0.02192388,0.96883080,0.45773910,0.02545855,0.89005310,0.45878540,0.04213327,0.92882980,0.47375040,0.04408580,0.95649530,0.46195760,0.03193930,0.95507400,0.44622600,-0.01596780,0.98769460,0.44068190,-0.01175946,0.98414400,0.44940540,0.00334692,0.97796170,0.44835880,0.01179527,0.94916710,0.44863880,0.01672547,0.94140050,0.43947450,10,5
-0.00161644,0.85663750,0.45248900,-0.00161644,0.85663750,0.45248900,-0.00161644,0.85663750,0.45248900,-0.01012849,0.88007490,0.45310870,-0.02204735,0.90134370,0.45320450,-0.03050445,0.93155120,0.44743060,-0.02230816,0.96354650,0.44457410,-0.01341279,0.94400160,0.49350740,-0.00906016,0.98092990,0.49218130,-0.01037497,0.98853310,0.46962190,0.00805035,0.93979850,0.49496570,0.01427385,0.98144290,0.49428900,0.01006615,0.98712240,0.46820290,0.02560890,0.93429820,0.48615000,0.03096828,0.97164400,0.47981810,0.02047461,0.96567830,0.45671200,0.02423356,0.88852570,0.45765950,0.04094817,0.92713480,0.47300820,0.04262141,0.95474370,0.46104100,0.03037484,0.95235620,0.44550510,-0.01584762,0.98642840,0.44031950,-0.01251447,0.98209070,0.44873330,0.00238615,0.97532050,0.44813100,0.01084044,0.94517430,0.44904160,0.01570933,0.93761000,0.43989460,10,5
-0.00283175,0.85517420,0.45102510,-0.00283175,0.85517420,0.45102510,-0.00283175,0.85517420,0.45102510,-0.01126742,0.87863610,0.45175140,-0.02303880,0.89998680,0.45186880,-0.03125340,0.93031840,0.44640400,-0.02275018,0.96227000,0.44398840,-0.01461220,0.94228840,0.49257630,-0.00987241,0.97918060,0.49162810,-0.01108399,0.98664830,0.46901770,0.00682577,0.93800040,0.49415310,0.01319375,0.97962830,0.49402540,0.00908273,0.98496530,0.46785170,0.02442599,0.93250110,0.48542030,0.02954039,0.96980150,0.47863410,0.01912239,0.96253200,0.45586970,0.02309106,0.88693510,0.45659880,0.03983131,0.92537700,0.47233450,0.04119669,0.95292410,0.46018710,0.02888611,0.94958870,0.44487800,-0.01576158,0.98506000,0.44009060,-0.01326292,0.97997550,0.44820560,0.00145685,0.97268320,0.44804890,0.00999469,0.94132210,0.44963330,0.01483251,0.93388290,0.44042490,10,5
-0.00396773,0.85365370,0.44961490,-0.00396773,0.85365370,0.44961490,-0.00396773,0.85365370,0.44961490,-0.01233796,0.87713500,0.45046090,-0.02388626,0.89860720,0.45056630,-0.03176372,0.92910590,0.44555420,-0.02276120,0.96095940,0.44372330,-0.01575242,0.94049470,0.49173260,-0.01030986,0.97729370,0.49094690,-0.01149444,0.98451020,0.46825380,0.00566226,0.93613050,0.49341330,0.01237814,0.97770380,0.49349460,0.00834530,0.98296750,0.46729390,0.02330113,0.93064240,0.48475170,0.02842725,0.96788980,0.47768880,0.01806592,0.96028830,0.45500710,0.02201360,0.88529410,0.45558680,0.03876795,0.92356830,0.47171150,0.03974574,0.95101890,0.45931100,0.02751842,0.94720430,0.44404720,-0.01491173,0.98354670,0.44031450,-0.01389139,0.97758170,0.44754950,0.00066807,0.97066210,0.44752550,0.00904156,0.93890880,0.44921540,0.01385161,0.93105360,0.43999960,10,5
-0.00369959,0.85287980,0.44653690,-0.00369959,0.85287980,0.44653690,-0.00369959,0.85287980,0.44653690,-0.01213798,0.87634040,0.44727360,-0.02358107,0.89786880,0.44716810,-0.03130935,0.92843130,0.44231470,-0.02200091,0.96020930,0.44071610,-0.01588081,0.93982740,0.48832060,-0.00994146,0.97654370,0.48730020,-0.01122046,0.98324300,0.46445410,0.00553952,0.93552840,0.49009480,0.01237700,0.97708180,0.48996320,0.00830703,0.98191420,0.46368530,0.02322546,0.93006070,0.48151680,0.02811018,0.96719550,0.47372700,0.01777884,0.95875600,0.45132980,0.02217162,0.88461210,0.45249890,0.03875997,0.92298630,0.46855740,0.03912663,0.95017810,0.45556760,0.02696206,0.94549170,0.44049760,-0.01342931,0.98256800,0.43754780,-0.01387122,0.97580510,0.44395860,0.00058303,0.96926190,0.44415550,0.00903933,0.93702350,0.44649400,0.01387793,0.92868210,0.43729650,10,5
-0.00349343,0.85200600,0.44363700,-0.00349343,0.85200600,0.44363700,-0.00349343,0.85200600,0.44363700,-0.01199478,0.87544620,0.44429310,-0.02333549,0.89702720,0.44401000,-0.03092345,0.92765340,0.43934040,-0.02133031,0.95935850,0.43799840,-0.01604621,0.93901180,0.48518890,-0.00963956,0.97564400,0.48398960,-0.01101833,0.98187650,0.46101750,0.00537872,0.93477200,0.48704810,0.01234041,0.97630410,0.48677810,0.00823082,0.98073670,0.46043590,0.02310890,0.92933150,0.47854440,0.02776236,0.96635200,0.47009700,0.01746584,0.95707810,0.44801590,0.02227471,0.88381790,0.44962150,0.03870730,0.92226930,0.46565530,0.03850326,0.94920150,0.45213190,0.02642129,0.94366280,0.43728640,-0.01208809,0.98148370,0.43508640,-0.01391672,0.97398090,0.44072780,0.00045650,0.96775360,0.44114460,0.00902944,0.93503080,0.44416790,0.01394675,0.92625570,0.43496520,10,5
-0.00333570,0.85105170,0.44087220,-0.00333570,0.85105170,0.44087220,-0.00333570,0.85105170,0.44087220,-0.01189610,0.87447200,0.44146990,-0.02323765,0.89605110,0.44109270,-0.03085841,0.92672140,0.43677910,-0.02117532,0.95841250,0.43580200,-0.01624128,0.93807830,0.48227210,-0.00978450,0.97469460,0.48086970,-0.01115198,0.98072910,0.45784410,0.00518740,0.93389300,0.48420960,0.01174826,0.97546490,0.48273330,0.00737666,0.97786930,0.45617100,0.02295965,0.92848500,0.47577320,0.02741826,0.96537910,0.46669110,0.01717395,0.95574630,0.44473970,0.02233460,0.88293360,0.44690470,0.03861902,0.92144480,0.46294620,0.03828574,0.94824040,0.44915680,0.02623627,0.94253920,0.43434630,-0.01163262,0.98044610,0.43317960,-0.01404331,0.97271420,0.43760030,-0.00032917,0.96319760,0.43810130,0.00887466,0.93357170,0.44135250,0.01387435,0.92502310,0.43225460,10,5
-0.00268216,0.84942630,0.44052890,-0.00268216,0.84942630,0.44052890,-0.00268216,0.84942630,0.44052890,-0.01128556,0.87283590,0.44087550,-0.02260582,0.89441960,0.44022220,-0.03022727,0.92510120,0.43599100,-0.02042409,0.95675800,0.43510430,-0.01588504,0.93681680,0.48105950,-0.00932164,0.97339190,0.47916630,-0.01068384,0.97901020,0.45603530,0.00554401,0.93268810,0.48311120,0.01178193,0.97423610,0.48022960,0.00722563,0.97460730,0.45359220,0.02335516,0.92723240,0.47478830,0.02764530,0.96390780,0.46478640,0.01744626,0.95364620,0.44310050,0.02291102,0.88140940,0.44634940,0.03907170,0.92009930,0.46208320,0.03857397,0.94661810,0.44777340,0.02655631,0.94051780,0.43309680,-0.01054955,0.97865670,0.43258270,-0.01359412,0.97067490,0.43592400,-0.00038778,0.95838460,0.43685860,0.00930690,0.93130930,0.44047770,0.01438240,0.92281690,0.43152230,10,5
-0.00210393,0.84780310,0.44007590,-0.00210393,0.84780310,0.44007590,-0.00210393,0.84780310,0.44007590,-0.01074849,0.87119980,0.44020400,-0.02204104,0.89278910,0.43930280,-0.02965498,0.92348720,0.43518010,-0.01972456,0.95510760,0.43441460,-0.01559438,0.93549510,0.47985370,-0.00890238,0.97202190,0.47752740,-0.01026919,0.97723710,0.45430250,0.00583458,0.93142030,0.48201140,0.01177075,0.97289630,0.47777320,0.00706873,0.97135410,0.45120330,0.02368331,0.92592870,0.47379340,0.02780816,0.96237900,0.46293590,0.01765263,0.95147350,0.44154580,0.02341451,0.87987660,0.44572450,0.03945526,0.91872040,0.46119980,0.03876318,0.94495890,0.44639010,0.02678031,0.93841480,0.43187700,-0.00950827,0.97686300,0.43201660,-0.01321534,0.96858880,0.43432910,-0.00043356,0.95377980,0.43584060,0.00969302,0.92899230,0.43972770,0.01484549,0.92051020,0.43088200,10,5
-0.00158504,0.84618090,0.43953650,-0.00158504,0.84618090,0.43953650,-0.00158504,0.84618090,0.43953650,-0.01026935,0.86956300,0.43947190,-0.02153739,0.89115480,0.43834950,-0.02914575,0.92186700,0.43432180,-0.01903147,0.95343140,0.43366680,-0.01535558,0.93412620,0.47865350,-0.00874766,0.97064920,0.47604500,-0.01004382,0.97567950,0.45277540,0.00607290,0.93010320,0.48091100,0.01202881,0.97152250,0.47617490,0.00732810,0.96946110,0.44964000,0.02395813,0.92458460,0.47279100,0.02805823,0.96090990,0.46151330,0.01796983,0.94999900,0.44009430,0.02386041,0.87833670,0.44504490,0.03978408,0.91731520,0.46030060,0.03917624,0.94343240,0.44527430,0.02720262,0.93684560,0.43077290,-0.00863002,0.97510860,0.43135840,-0.01289615,0.96687140,0.43285810,-0.00017421,0.95150560,0.43472450,0.00999114,0.92751860,0.43835020,0.01517863,0.91899930,0.42980420,10,5
-0.00153962,0.84380880,0.43918010,-0.00153962,0.84380880,0.43918010,-0.00153962,0.84380880,0.43918010,-0.01030907,0.86715850,0.43937220,-0.02159322,0.88875110,0.43844780,-0.02925883,0.91953030,0.43509580,-0.01902524,0.95106300,0.43512180,-0.01570070,0.93124130,0.47929440,-0.00921402,0.96781150,0.47706950,-0.01049839,0.97305520,0.45384630,0.00573826,0.92727010,0.48154390,0.01161356,0.96872690,0.47704180,0.00686119,0.96650120,0.45052950,0.02365796,0.92191140,0.47339280,0.02762607,0.95831230,0.46231340,0.01758767,0.94765080,0.44074580,0.02377845,0.87599030,0.44510940,0.03953256,0.91484580,0.46084750,0.03887465,0.94108520,0.44603790,0.02690369,0.93460580,0.43148600,-0.00845600,0.97270480,0.43329330,-0.01329423,0.96442650,0.43384270,-0.00062185,0.94835390,0.43583820,0.00967283,0.92516300,0.43881670,0.01490068,0.91675450,0.43036180,10,5
-0.00149400,0.84150240,0.43874840,-0.00149400,0.84150240,0.43874840,-0.00149400,0.84150240,0.43874840,-0.01034427,0.86481850,0.43917270,-0.02163848,0.88641270,0.43842330,-0.02935380,0.91724270,0.43571540,-0.01899663,0.94872790,0.43638890,-0.01603170,0.92845270,0.47976580,-0.00963603,0.96505820,0.47788450,-0.01091445,0.97047190,0.45470000,0.00541658,0.92453130,0.48201380,0.01121015,0.96601770,0.47768210,0.00640003,0.96352360,0.45120400,0.02336990,0.91932140,0.47384030,0.02720124,0.95577600,0.46289010,0.01720912,0.94527260,0.44122370,0.02370178,0.87370530,0.44506890,0.03929226,0.91244450,0.46125060,0.03855428,0.93877110,0.44660040,0.02658814,0.93233050,0.43202730,-0.00823841,0.97031040,0.43501860,-0.01366899,0.96198650,0.43462950,-0.00105858,0.94512630,0.43681440,0.00937858,0.92276210,0.43921730,0.01464799,0.91444120,0.43084010,10,5
-0.00145078,0.83936180,0.43829650,-0.00145078,0.83936180,0.43829650,-0.00145078,0.83936180,0.43829650,-0.01037487,0.86264510,0.43892570,-0.02180067,0.88417650,0.43839500,-0.02969744,0.91498200,0.43594240,-0.01954548,0.94652690,0.43688850,-0.01633578,0.92587320,0.48010990,-0.01008877,0.96252630,0.47872110,-0.01130472,0.96831830,0.45562480,0.00512055,0.92199740,0.48236030,0.01088802,0.96356400,0.47883810,0.00617032,0.96167840,0.45229310,0.02310499,0.91692140,0.47417100,0.02692609,0.95346200,0.46350750,0.01693689,0.94312390,0.44176040,0.02363234,0.87158170,0.44496890,0.03907176,0.91021390,0.46154620,0.03850128,0.93672730,0.44722920,0.02648688,0.93050830,0.43259980,-0.00899554,0.96822260,0.43569900,-0.01395512,0.96015270,0.43540820,-0.00123932,0.94357780,0.43750740,0.00913180,0.92061440,0.43964650,0.01447957,0.91267210,0.43129550,10,5
-0.00245653,0.83578790,0.43820050,-0.00245653,0.83578790,0.43820050,-0.00245653,0.83578790,0.43820050,-0.01126776,0.85911050,0.43895290,-0.02262283,0.88068140,0.43851840,-0.03039810,0.91153590,0.43630580,-0.02016876,0.94303830,0.43772130,-0.01746371,0.92193580,0.48071480,-0.01102689,0.95857360,0.47991420,-0.01187038,0.96473970,0.45689840,0.00393950,0.91792270,0.48321630,0.01005046,0.95950250,0.48052830,0.00569901,0.95811690,0.45389010,0.02200769,0.91283680,0.47521970,0.02623012,0.94942620,0.46487980,0.01641609,0.93932510,0.44294230,0.02269947,0.86780250,0.44555230,0.03811061,0.90617680,0.46274360,0.03804205,0.93286000,0.44873400,0.02610978,0.92692020,0.43392250,-0.00957806,0.96473100,0.43689390,-0.01425961,0.95690820,0.43651770,-0.00163403,0.94028710,0.43874170,0.00848806,0.91687580,0.44065320,0.01394274,0.90921070,0.43239130,10,5
-0.00337280,0.83235090,0.43802670,-0.00337280,0.83235090,0.43802670,-0.00337280,0.83235090,0.43802670,-0.01208767,0.85570540,0.43890010,-0.02337801,0.87731190,0.43855630,-0.03104751,0.90821050,0.43660490,-0.02074595,0.93966470,0.43849030,-0.01852913,0.91814210,0.48120420,-0.01192407,0.95475790,0.48095580,-0.01242810,0.96125900,0.45802240,0.00282237,0.91400530,0.48393550,0.00922590,0.95558320,0.48200540,0.00520389,0.95457860,0.45529850,0.02096733,0.90891530,0.47611740,0.02554123,0.94553940,0.46605370,0.01589070,0.93563650,0.44395400,0.02183204,0.86417420,0.44601400,0.03719687,0.90230460,0.46377990,0.03756345,0.92912640,0.45004230,0.02570998,0.92341730,0.43507750,-0.01009964,0.96134090,0.43802470,-0.01457645,0.95373000,0.43750130,-0.00205069,0.93694570,0.43988400,0.00786245,0.91323620,0.44153680,0.01341871,0.90581020,0.43336870,10,5
-0.00421890,0.82902220,0.43779130,-0.00421890,0.82902220,0.43779130,-0.00421890,0.82902220,0.43779130,-0.01285054,0.85240300,0.43878380,-0.02403476,0.87406550,0.43850510,-0.03148716,0.90500970,0.43643900,-0.02112023,0.93643200,0.43849030,-0.01954606,0.91446160,0.48160170,-0.01280023,0.95105080,0.48195060,-0.01296670,0.95797210,0.45913540,0.00175483,0.91021170,0.48454640,0.00833000,0.95179330,0.48345570,0.00474162,0.95166280,0.45666860,0.01997107,0.90512180,0.47689570,0.02478553,0.94173130,0.46689110,0.01528173,0.93173480,0.44476990,0.02101562,0.86066500,0.44637970,0.03631973,0.89856200,0.46468900,0.03709850,0.92549680,0.45119170,0.02527036,0.91983070,0.43619060,-0.01048724,0.95811760,0.43818130,-0.01485998,0.95086010,0.43844120,-0.00234283,0.93461040,0.44053850,0.00727423,0.90929830,0.44263660,0.01298091,0.90220560,0.43466440,10,5
-0.00531673,0.82649180,0.43696090,-0.00531673,0.82649180,0.43696090,-0.00531673,0.82649180,0.43696090,-0.01394163,0.84986410,0.43818290,-0.02509393,0.87154470,0.43808030,-0.03244346,0.90251920,0.43610290,-0.02210289,0.93392830,0.43846600,-0.02099926,0.91135330,0.48175730,-0.01423473,0.94792560,0.48281410,-0.01414827,0.95532670,0.46014960,0.00027001,0.90704780,0.48484590,0.00686979,0.94863960,0.48470990,0.00362934,0.94934470,0.45788740,0.01855423,0.90204550,0.47730030,0.02346939,0.93869720,0.46750100,0.01409224,0.92869210,0.44532970,0.01985687,0.85799750,0.44620690,0.03501295,0.89563550,0.46516210,0.03606953,0.92272600,0.45199930,0.02425287,0.91713730,0.43696020,-0.01153290,0.95564680,0.43840450,-0.01581680,0.94868270,0.43928130,-0.00326431,0.93283750,0.44112000,0.00615821,0.90621390,0.44336750,0.01200554,0.89947380,0.43554110,10,5
-0.00634469,0.82396540,0.43613970,-0.00634469,0.82396540,0.43613970,-0.00634469,0.82396540,0.43613970,-0.01496590,0.84732680,0.43757870,-0.02608969,0.86902210,0.43764280,-0.03334471,0.90002610,0.43577980,-0.02302818,0.93141720,0.43846460,-0.02238331,0.90826500,0.48186170,-0.01560540,0.94480900,0.48359360,-0.01527818,0.95265790,0.46108250,-0.00114582,0.90390500,0.48508960,0.00546880,0.94548750,0.48586360,0.00255396,0.94693550,0.45903350,0.01720348,0.89898510,0.47764850,0.02221661,0.93567370,0.46803870,0.01296046,0.92566340,0.44581890,0.01876289,0.85533310,0.44601320,0.03376846,0.89271720,0.46558090,0.03508999,0.91994630,0.45273190,0.02328153,0.91443360,0.43765830,-0.01250884,0.95315950,0.43865620,-0.01673013,0.94645650,0.44006230,-0.00415159,0.93092210,0.44171990,0.00509141,0.90314870,0.44402010,0.01106892,0.89673830,0.43634150,10,5
-0.00734054,0.82136740,0.43530230,-0.00734054,0.82136740,0.43530230,-0.00734054,0.82136740,0.43530230,-0.01596072,0.84471510,0.43695370,-0.02698412,0.86646080,0.43715040,-0.03405036,0.89751760,0.43545040,-0.02363074,0.92883930,0.43852040,-0.02374701,0.90510160,0.48192380,-0.01689624,0.94159900,0.48424990,-0.01636087,0.94977380,0.46185920,-0.00254253,0.90068670,0.48529110,0.00405333,0.94226160,0.48650600,0.00134882,0.94377450,0.45965750,0.01587118,0.89584710,0.47795730,0.02090581,0.93265770,0.46883840,0.01189811,0.92281350,0.44644310,0.01769421,0.85259180,0.44579550,0.03254220,0.88971840,0.46596440,0.03395624,0.91705920,0.45336500,0.02222752,0.91151130,0.43824210,-0.01305554,0.95054970,0.43901460,-0.01764805,0.94389430,0.44073600,-0.00520221,0.92780580,0.44224380,0.00419115,0.90023860,0.44469830,0.01018885,0.89368730,0.43706660,10,5
-0.00732202,0.81972330,0.43342070,-0.00732202,0.81972330,0.43342070,-0.00732202,0.81972330,0.43342070,-0.01600740,0.84302590,0.43534450,-0.02700192,0.86478350,0.43574150,-0.03398553,0.89587180,0.43429280,-0.02356096,0.92714620,0.43779750,-0.02426228,0.90274030,0.48112130,-0.01745090,0.93919740,0.48410300,-0.01677006,0.94774690,0.46185660,-0.00307314,0.89832350,0.48458130,0.00338816,0.93990000,0.48634000,0.00085026,0.94157280,0.45948470,0.01540505,0.89363020,0.47731490,0.02034044,0.93057780,0.46870960,0.01155873,0.92090030,0.44615240,0.01756347,0.85084750,0.44454750,0.03217782,0.88771150,0.46535850,0.03359653,0.91519280,0.45306910,0.02193379,0.90962330,0.43790330,-0.01299791,0.94885250,0.43862210,-0.01790842,0.94223370,0.44062630,-0.00553092,0.92569480,0.44192550,0.00406050,0.89825320,0.44443390,0.01010103,0.89165530,0.43683450,10,5
-0.00735246,0.81801350,0.43164590,-0.00735246,0.81801350,0.43164590,-0.00735246,0.81801350,0.43164590,-0.01609899,0.84127060,0.43382730,-0.02706585,0.86303780,0.43441540,-0.03396874,0.89415440,0.43320970,-0.02354071,0.92537780,0.43713370,-0.02480947,0.90033110,0.48036160,-0.01803700,0.93673810,0.48397700,-0.01721045,0.94565000,0.46187820,-0.00363725,0.89590780,0.48391570,0.00269968,0.93747720,0.48621380,0.00033251,0.93932660,0.45935450,0.01490304,0.89135100,0.47672090,0.01974903,0.92841570,0.46858110,0.01118242,0.91888350,0.44587980,0.01738777,0.84902910,0.44338320,0.03177473,0.88563030,0.46480740,0.03321204,0.91324270,0.45281760,0.02161106,0.90765570,0.43761080,-0.01298903,0.94707520,0.43827740,-0.01819993,0.94049620,0.44055040,-0.00588314,0.92355110,0.44164430,0.00387716,0.89617010,0.44420520,0.00997016,0.88955680,0.43664880,10,5
-0.00741115,0.81634750,0.43002380,-0.00741115,0.81634750,0.43002380,-0.00741115,0.81634750,0.43002380,-0.01621379,0.83956010,0.43244030,-0.02714064,0.86134210,0.43319950,-0.03396324,0.89248660,0.43229030,-0.02363844,0.92368460,0.43666360,-0.02535012,0.89800850,0.47966090,-0.01871825,0.93441100,0.48356900,-0.01780391,0.94329140,0.46146100,-0.00419512,0.89357600,0.48330490,0.00189235,0.93524310,0.48380550,-0.00075170,0.93430160,0.45692480,0.01440246,0.88914250,0.47618140,0.01905113,0.92616330,0.46773290,0.01060617,0.91617840,0.44518110,0.01719239,0.84725280,0.44232590,0.03136613,0.88360240,0.46431320,0.03264398,0.91131480,0.45253810,0.02117919,0.90553220,0.43730120,-0.01322904,0.94543090,0.43813340,-0.01867039,0.93805970,0.44014690,-0.00697701,0.91659430,0.44114980,0.00353321,0.89335730,0.44406800,0.00987556,0.88721320,0.43649720,10,5
-0.00752226,0.81401500,0.43006670,-0.00752226,0.81401500,0.43006670,-0.00752226,0.81401500,0.43006670,-0.01637154,0.83720330,0.43254520,-0.02726366,0.85900160,0.43333480,-0.03402640,0.89015980,0.43245130,-0.02377880,0.92137560,0.43687880,-0.02561875,0.89550910,0.47992010,-0.01909978,0.93194150,0.48373990,-0.01824877,0.94060970,0.46154520,-0.00445423,0.89111010,0.48354930,0.00138403,0.93278560,0.48196250,-0.00163765,0.92913230,0.45535480,0.01415116,0.88673290,0.47641130,0.01855585,0.92363680,0.46734320,0.01008796,0.91305290,0.44507500,0.01702056,0.84493770,0.44244580,0.03112411,0.88125830,0.46452590,0.03217786,0.90895280,0.45268670,0.02073932,0.90284560,0.43755700,-0.01349763,0.94318090,0.43837770,-0.01913760,0.93513250,0.44029380,-0.00791696,0.90977430,0.44168040,0.00323504,0.89014020,0.44473780,0.00975361,0.88432090,0.43716650,10,5
-0.00765565,0.81170630,0.43000750,-0.00765565,0.81170630,0.43000750,-0.00765565,0.81170630,0.43000750,-0.01654943,0.83486970,0.43255850,-0.02739613,0.85668930,0.43338400,-0.03411436,0.88786180,0.43268350,-0.02393511,0.91907050,0.43731440,-0.02593058,0.89300020,0.48012210,-0.01951287,0.92947010,0.48375110,-0.01873235,0.93779090,0.46142130,-0.00475985,0.88862850,0.48374800,0.00088692,0.93014800,0.47954130,-0.00255582,0.92355590,0.45355790,0.01385747,0.88430980,0.47660560,0.01797479,0.92097060,0.46647840,0.00944796,0.90956190,0.44464420,0.01682289,0.84263330,0.44250280,0.03084696,0.87890640,0.46471120,0.03160294,0.90652180,0.45266630,0.02018997,0.89994910,0.43771350,-0.01373524,0.94090390,0.43895320,-0.01965722,0.93192230,0.44027610,-0.00891372,0.90266590,0.44240720,0.00281448,0.88659130,0.44528920,0.00957504,0.88120590,0.43786210,10,5
-0.00782113,0.80948900,0.43062120,-0.00782113,0.80948900,0.43062120,-0.00782113,0.80948900,0.43062120,-0.01672420,0.83265070,0.43315490,-0.02749860,0.85450760,0.43394110,-0.03413921,0.88569750,0.43327710,-0.02397390,0.91691110,0.43790520,-0.02600282,0.89086560,0.48063530,-0.01962828,0.92738060,0.48386370,-0.01898646,0.93524590,0.46136520,-0.00481786,0.88651630,0.48420490,0.00063531,0.92769080,0.47724940,-0.00327592,0.91824620,0.45223040,0.01378071,0.88219760,0.47701380,0.01761774,0.91853600,0.46568580,0.00895450,0.90625030,0.44438760,0.01667264,0.84045790,0.44298210,0.03073773,0.87678380,0.46507790,0.03119741,0.90425490,0.45269260,0.01975625,0.89716930,0.43799780,-0.01382230,0.93876810,0.43952900,-0.02002732,0.92889410,0.44036550,-0.00970447,0.89614560,0.44378120,0.00252642,0.88327870,0.44613460,0.00949426,0.87824790,0.43882070,10,5
-0.00799915,0.80728200,0.43110980,-0.00799915,0.80728200,0.43110980,-0.00799915,0.80728200,0.43110980,-0.01691316,0.83043980,0.43364120,-0.02761701,0.85233230,0.43440030,-0.03417958,0.88353980,0.43379060,-0.02402918,0.91475390,0.43844810,-0.02612590,0.88869440,0.48108580,-0.01979516,0.92524620,0.48396440,-0.01927118,0.93269320,0.46132090,-0.00492976,0.88436390,0.48461140,0.00031395,0.92507850,0.47521570,-0.00398028,0.91314850,0.45134760,0.01365555,0.88005150,0.47738230,0.01722695,0.91606390,0.46497760,0.00845787,0.90298870,0.44419930,0.01650027,0.83828060,0.44338480,0.03058930,0.87463830,0.46541320,0.03077638,0.90197630,0.45273020,0.01932578,0.89441530,0.43828170,-0.01392474,0.93663200,0.44008230,-0.02040754,0.92590130,0.44046440,-0.01040604,0.89022930,0.44546780,0.00223993,0.88006030,0.44697320,0.00941531,0.87534550,0.43974100,10,5
-0.00818687,0.80508470,0.43150060,-0.00818687,0.80508470,0.43150060,-0.00818687,0.80508470,0.43150060,-0.01711303,0.82823680,0.43404110,-0.02778942,0.85014280,0.43479770,-0.03436769,0.88135060,0.43441890,-0.02430665,0.91256640,0.43925560,-0.02628813,0.88649650,0.48148660,-0.02001416,0.92311720,0.48347810,-0.01968712,0.92954580,0.46052100,-0.00508311,0.88218190,0.48497810,0.00009908,0.92264130,0.47450760,-0.00443377,0.90952230,0.45131730,0.01349321,0.87788080,0.47771920,0.01689151,0.91361930,0.46450030,0.00800565,0.89992450,0.44417570,0.01631099,0.83610360,0.44372730,0.03041089,0.87247660,0.46572330,0.03037486,0.89973000,0.45285800,0.01894349,0.89176060,0.43861530,-0.01426017,0.93446200,0.44100870,-0.02098814,0.92172570,0.44003760,-0.01088718,0.88627610,0.44694450,0.00195873,0.87707630,0.44784520,0.00935630,0.87257190,0.44058540,10,5
-0.00809049,0.80322000,0.43145800,-0.00809049,0.80322000,0.43145800,-0.00809049,0.80322000,0.43145800,-0.01700564,0.82639380,0.43383320,-0.02762691,0.84833190,0.43441610,-0.03417541,0.87954600,0.43403670,-0.02417014,0.91078100,0.43886540,-0.02618780,0.88498040,0.48087320,-0.01992733,0.92164670,0.48176510,-0.01972556,0.92692210,0.45851450,-0.00498819,0.88067770,0.48441200,0.00018799,0.92075110,0.47254680,-0.00451019,0.90654690,0.45003870,0.01359182,0.87631680,0.47719830,0.01688981,0.91167150,0.46296110,0.00792790,0.89726100,0.44317170,0.01641463,0.83430760,0.44349410,0.03051657,0.87082160,0.46525400,0.03032953,0.89790150,0.45202860,0.01894692,0.88945770,0.43802220,-0.01415558,0.93269150,0.44061390,-0.02114121,0.91799510,0.43849650,-0.01100359,0.88308860,0.44708940,0.00202105,0.87456120,0.44785110,0.00965289,0.87019740,0.44060420,10,5
-0.00802454,0.80133230,0.43138460,-0.00802454,0.80133230,0.43138460,-0.00802454,0.80133230,0.43138460,-0.01693141,0.82452340,0.43361780,-0.02749890,0.84649100,0.43404800,-0.03401740,0.87771170,0.43368940,-0.02406735,0.90896130,0.43853710,-0.02613532,0.88338270,0.48031190,-0.01989026,0.92006220,0.48019170,-0.01980010,0.92425660,0.45672130,-0.00494141,0.87909060,0.48389740,0.00021244,0.91873730,0.47066740,-0.00462803,0.90362770,0.44878780,0.01364407,0.87468000,0.47672810,0.01683951,0.90964730,0.46154250,0.00781189,0.89457480,0.44228320,0.01648246,0.83247720,0.44326800,0.03057868,0.86910870,0.46483310,0.03024649,0.89602470,0.45128010,0.01891890,0.88713600,0.43750620,-0.01408508,0.93088540,0.44030060,-0.02131545,0.91432460,0.43718990,-0.01115510,0.88005470,0.44709630,0.00204954,0.87205580,0.44791870,0.00991516,0.86782520,0.44067300,10,5
-0.00798244,0.79942600,0.43128700,-0.00798244,0.79942600,0.43128700,-0.00798244,0.79942600,0.43128700,-0.01688313,0.82263110,0.43339620,-0.02746005,0.84459600,0.43371280,-0.03403134,0.87580590,0.43338140,-0.02426211,0.90711090,0.43824010,-0.02612020,0.88172130,0.47979120,-0.01988418,0.91835400,0.47790590,-0.02002458,0.92066930,0.45417650,-0.00493220,0.87743880,0.48342280,0.00038045,0.91705250,0.47015690,-0.00454178,0.90185620,0.44835580,0.01366012,0.87298630,0.47629740,0.01692637,0.90777420,0.46071990,0.00781080,0.89260890,0.44157530,0.01652226,0.83061930,0.44304730,0.03060675,0.86735050,0.46444990,0.03031423,0.89418020,0.45072580,0.01896277,0.88510910,0.43709120,-0.01441410,0.92909510,0.44000840,-0.02173952,0.90909410,0.43558920,-0.01116911,0.87828860,0.44701390,0.00198250,0.87016450,0.44743610,0.01008378,0.86581430,0.44068020,10,5
-0.00755382,0.79696090,0.43225900,-0.00755382,0.79696090,0.43225900,-0.00755382,0.79696090,0.43225900,-0.01648476,0.82016520,0.43424640,-0.02710477,0.84211060,0.43445620,-0.03377794,0.87329900,0.43413330,-0.02421900,0.90467770,0.43893400,-0.02571508,0.87952050,0.48030300,-0.01956940,0.91603950,0.47669710,-0.02000000,0.91654990,0.45286400,-0.00451335,0.87529140,0.48391690,0.00080253,0.91477870,0.47028070,-0.00425102,0.89935240,0.44867200,0.01407099,0.87082340,0.47678040,0.01726425,0.90538010,0.46068150,0.00802963,0.89000950,0.44175890,0.01692834,0.82826090,0.44378050,0.03100177,0.86514140,0.46493230,0.03063761,0.89185760,0.45099050,0.01924089,0.88254260,0.43755960,-0.01453107,0.92673720,0.44064940,-0.02192430,0.90348600,0.43531270,-0.01092642,0.87577460,0.44784720,0.00222596,0.86765750,0.44798570,0.01055285,0.86325880,0.44164160,10,5
-0.00717426,0.79453000,0.43312380,-0.00717426,0.79453000,0.43312380,-0.00717426,0.79453000,0.43312380,-0.01613387,0.81773230,0.43500180,-0.02679069,0.83966060,0.43511420,-0.03355501,0.87082960,0.43481490,-0.02419555,0.90227350,0.43958180,-0.02537000,0.87732090,0.48075500,-0.01931908,0.91366310,0.47555570,-0.02000809,0.91248100,0.45175250,-0.00415653,0.87314020,0.48435640,0.00114790,0.91245760,0.47023330,-0.00403263,0.89675960,0.44885150,0.01442214,0.86865960,0.47721310,0.01753292,0.90296750,0.46057520,0.00818820,0.88736430,0.44189860,0.01728371,0.82592480,0.44443700,0.03134117,0.86293730,0.46536760,0.03090272,0.88954200,0.45121630,0.01947044,0.87997970,0.43799100,-0.01465942,0.92440170,0.44126280,-0.02210574,0.89810100,0.43528340,-0.01074757,0.87318010,0.44858890,0.00242463,0.86511840,0.44852940,0.01098349,0.86071560,0.44255970,10,5
-0.00683308,0.79212670,0.43390440,-0.00683308,0.79212670,0.43390440,-0.00683308,0.79212670,0.43390440,-0.01582015,0.81532630,0.43568240,-0.02654186,0.83722320,0.43571710,-0.03345697,0.86836010,0.43556560,-0.02427986,0.89984690,0.44040340,-0.02507186,0.87512320,0.48115980,-0.01915878,0.91120560,0.47426780,-0.02009279,0.90819230,0.45063500,-0.00384819,0.87098720,0.48475280,0.00128381,0.91013430,0.47010270,-0.00387062,0.89412000,0.44895030,0.01472666,0.86649600,0.47760620,0.01775930,0.90063800,0.46061640,0.00836569,0.88494400,0.44204070,0.01759946,0.82360710,0.44503290,0.03163716,0.86073830,0.46576570,0.03098286,0.88714770,0.45126120,0.01957566,0.87735840,0.43818110,-0.01484482,0.92201520,0.44212670,-0.02232984,0.89247480,0.43545700,-0.01050089,0.87051770,0.44930790,0.00263448,0.86275850,0.44889810,0.01129002,0.85810090,0.44313090,10,5
-0.00599794,0.79051110,0.43460430,-0.00599794,0.79051110,0.43460430,-0.00599794,0.79051110,0.43460430,-0.01508459,0.81367760,0.43630570,-0.02593535,0.83551080,0.43628500,-0.03308833,0.86659440,0.43629680,-0.02418447,0.89814730,0.44121330,-0.02450899,0.87361920,0.48155670,-0.01885534,0.90940800,0.47309480,-0.02001083,0.90468610,0.44975320,-0.00325976,0.86959250,0.48512250,0.00157129,0.90856900,0.46992570,-0.00353234,0.89222470,0.44901490,0.01532017,0.86515450,0.47795580,0.01814181,0.89912560,0.46059130,0.00873295,0.88328470,0.44214850,0.01831696,0.82214530,0.44555290,0.03223174,0.85942350,0.46610390,0.03127948,0.88564840,0.45128460,0.01991830,0.87559370,0.43836690,-0.01491834,0.92038320,0.44298170,-0.02231539,0.88780360,0.43589370,-0.01000804,0.86859710,0.44999370,0.00312192,0.86115160,0.44926960,0.01190943,0.85632400,0.44370960,10,5
-0.00522842,0.78883240,0.43525650,-0.00522842,0.78883240,0.43525650,-0.00522842,0.78883240,0.43525650,-0.01440750,0.81196770,0.43688570,-0.02537665,0.83374150,0.43681200,-0.03274915,0.86477330,0.43698710,-0.02410620,0.89638530,0.44198920,-0.02399816,0.87204310,0.48192380,-0.01859171,0.90748230,0.47196240,-0.01993501,0.90112670,0.44902200,-0.00272615,0.86811760,0.48546670,0.00182505,0.90690500,0.46971010,-0.00323248,0.89023180,0.44904910,0.01585908,0.86372870,0.47828350,0.01847776,0.89751360,0.46052810,0.00905250,0.88150980,0.44223490,0.01897532,0.82060830,0.44604010,0.03277292,0.85802200,0.46642320,0.03154290,0.88406570,0.45130780,0.02022947,0.87374680,0.43855770,-0.01500171,0.91868370,0.44380820,-0.02227885,0.88321640,0.43652640,-0.00956362,0.86659910,0.45065000,0.00356090,0.85944070,0.44964210,0.01249769,0.85447810,0.44429760,10,5
-0.00451049,0.78710380,0.43587140,-0.00451049,0.78710380,0.43587140,-0.00451049,0.78710380,0.43587140,-0.01377641,0.81020920,0.43743150,-0.02482422,0.83194300,0.43729440,-0.03232812,0.86294310,0.43746880,-0.02379334,0.89459100,0.44243020,-0.02352830,0.87040980,0.48226740,-0.01836777,0.90568240,0.47160850,-0.01977120,0.89844110,0.44893570,-0.00223571,0.86657930,0.48579060,0.00192488,0.90508150,0.46924580,-0.00300094,0.88794340,0.44893640,0.01635500,0.86223630,0.47859370,0.01867094,0.89567480,0.46015380,0.00925186,0.87930790,0.44218150,0.01958714,0.81901170,0.44650140,0.03327206,0.85655200,0.46672710,0.03156535,0.88225790,0.45108880,0.02037887,0.87149000,0.43860060,-0.01471074,0.91690050,0.44422180,-0.02206692,0.87997110,0.43727370,-0.00910808,0.86431720,0.45131640,0.00391606,0.85734100,0.44999520,0.01302255,0.85222550,0.44482700,10,5
-0.00412629,0.78671340,0.43539240,-0.00412629,0.78671340,0.43539240,-0.00412629,0.78671340,0.43539240,-0.01347484,0.80978260,0.43699280,-0.02460304,0.83147560,0.43690170,-0.03224181,0.86244170,0.43722330,-0.02381485,0.89410810,0.44224970,-0.02327130,0.86994310,0.48187280,-0.01838394,0.90503530,0.47051250,-0.01990866,0.89689120,0.44815600,-0.00194946,0.86619480,0.48530640,0.00179675,0.90446650,0.46813960,-0.00305518,0.88696440,0.44812510,0.01662755,0.86192410,0.47803150,0.01860281,0.89508910,0.45906560,0.00914459,0.87844840,0.44136730,0.01989217,0.81871370,0.44592330,0.03351656,0.85630570,0.46609370,0.03132209,0.88173610,0.45007040,0.02023250,0.87058840,0.43783140,-0.01476161,0.91642650,0.44407900,-0.02218289,0.87788740,0.43738100,-0.00894125,0.86336080,0.45118740,0.00398471,0.85655980,0.44951170,0.01326392,0.85132280,0.44448570,10,5
-0.00374950,0.78617600,0.43498010,-0.00374950,0.78617600,0.43498010,-0.00374950,0.78617600,0.43498010,-0.01317695,0.80921080,0.43661330,-0.02438245,0.83086410,0.43656070,-0.03215247,0.86179550,0.43703010,-0.02383750,0.89348040,0.44212660,-0.02302420,0.86934100,0.48152280,-0.01840030,0.90421140,0.46939540,-0.02003232,0.89511680,0.44741610,-0.00167575,0.86567190,0.48487560,0.00167995,0.90370510,0.46710860,-0.00309214,0.88587080,0.44737000,0.01688904,0.86146870,0.47753030,0.01854227,0.89436070,0.45806480,0.00905121,0.87746160,0.44063100,0.02019067,0.81826620,0.44541530,0.03375303,0.85591100,0.46552900,0.03110551,0.88106910,0.44914820,0.02011847,0.86956240,0.43715130,-0.01481843,0.91580930,0.44399710,-0.02227345,0.87559500,0.43760320,-0.00876766,0.86230790,0.45107530,0.00406088,0.85565660,0.44909900,0.01352669,0.85031250,0.44422210,10,5
-0.00337893,0.78552270,0.43461940,-0.00337893,0.78552270,0.43461940,-0.00337893,0.78552270,0.43461940,-0.01288231,0.80852440,0.43627940,-0.02417395,0.83013300,0.43626420,-0.03205250,0.86103770,0.43668510,-0.02379974,0.89275460,0.44168200,-0.02278542,0.86863170,0.48120720,-0.01842255,0.90352800,0.46905740,-0.02005190,0.89421190,0.44717100,-0.00141245,0.86503930,0.48448610,0.00160204,0.90269340,0.46587050,-0.00316730,0.88442340,0.44653370,0.01714127,0.86090000,0.47707690,0.01842595,0.89347360,0.45705600,0.00895587,0.87622370,0.43995750,0.02048361,0.81770060,0.44496200,0.03398270,0.85539890,0.46501800,0.03111538,0.88044790,0.44850750,0.02013097,0.86880520,0.43664020,-0.01478947,0.91509310,0.44347800,-0.02219420,0.87452610,0.43766860,-0.00867593,0.86093650,0.45091240,0.00418145,0.85452540,0.44881500,0.01366585,0.84955800,0.44383410,10,5
