RootPos_x,RootPos_y,RootPos_z,Hand Start_x,Hand Start_y,Hand Start_z,ForearmStub_x,ForearmStub_y,ForearmStub_z,Thumb0_x,Thumb0_y,Thumb0_z,Thumb1_x,Thumb1_y,Thumb1_z,Thumb2_x,Thumb2_y,Thumb2_z,Thumb3_x,Thumb3_y,Thumb3_z,Index1_x,Index1_y,Index1_z,Index2_x,Index2_y,Index2_z,Index3_x,Index3_y,Index3_z,Middle1_x,Middle1_y,Middle1_z,Middle2_x,Middle2_y,Middle2_z,Middle3_x,Middle3_y,Middle3_z,Ring1_x,Ring1_y,Ring1_z,Ring2_x,Ring2_y,Ring2_z,Ring3_x,Ring3_y,Ring3_z,Pinky0_x,Pinky0_y,Pinky0_z,Pinky1_x,Pinky1_y,Pinky1_z,Pinky2_x,Pinky2_y,Pinky2_z,Pinky3_x,Pinky3_y,Pinky3_z,ThumbTip_x,ThumbTip_x,ThumbTip_x,IndexTip_x,IndexTip_y,IndexTip_z,MiddleTip_x,MiddleTip_y,MiddleTip_z,RingTip_x,RingTip_y,RingTip_z,PinkyTip_x,PinkyTip_y,PinkyTip_z,Gesture,Wrist Movement
0.50299560,0.90672370,0.35077630,0.50299560,0.90672370,0.35077630,0.50299560,0.90672370,0.35077630,0.48461860,0.91385730,0.36639180,0.46339700,0.91987590,0.37724000,0.44133280,0.91561310,0.40024400,0.42311980,0.91638600,0.42826040,0.45439150,0.97225340,0.40512780,0.43191460,0.99685730,0.42235430,0.41623070,1.00686600,0.43757590,0.47562330,0.97460760,0.41079150,0.46344130,1.00714000,0.43520580,0.45174800,1.01652200,0.45796060,0.49341210,0.96636270,0.41701540,0.49010090,0.99486710,0.44278900,0.48278870,1.00548400,0.46569440,0.51174080,0.92456380,0.38745580,0.50975020,0.95323750,0.42227930,0.51300860,0.96531900,0.44996890,0.51266570,0.96783020,0.46989850,0.40952770,0.91450100,0.44837940,0.40263620,1.01421200,0.45343890,0.44066660,1.02197400,0.47937490,0.47425060,1.01370100,0.48669720,0.50969790,0.97110920,0.49116170,10,0
0.50247340,0.90617930,0.35068930,0.50247340,0.90617930,0.35068930,0.50247340,0.90617930,0.35068930,0.48404830,0.91333960,0.36623570,0.46276420,0.91940610,0.37693390,0.44049590,0.91533130,0.39977470,0.42185700,0.91626580,0.42750460,0.45374780,0.97178490,0.40484020,0.43126170,0.99637540,0.42207350,0.41552050,1.00605900,0.43744580,0.47496180,0.97411720,0.41057960,0.46259180,1.00626200,0.43540840,0.45081900,1.01531700,0.45825460,0.49271870,0.96585450,0.41687070,0.48904680,0.99411150,0.44286700,0.48155430,1.00462700,0.46576070,0.51110640,0.92402360,0.38739340,0.50902280,0.95271290,0.42219850,0.51215260,0.96492310,0.44984640,0.51197070,0.96782090,0.46972560,0.40800950,0.91451940,0.44746120,0.40188120,1.01292400,0.45348440,0.43963960,1.02029800,0.47973270,0.47292140,1.01290000,0.48670290,0.50927820,0.97163740,0.49093570,10,0
0.50233980,0.90565400,0.35109620,0.50233980,0.90565400,0.35109620,0.50233980,0.90565400,0.35109620,0.48384020,0.91283940,0.36654210,0.46249230,0.91894430,0.37709030,0.44002430,0.91503190,0.39976330,0.42097330,0.91610360,0.42720670,0.45340970,0.97132600,0.40498130,0.43088000,0.99590040,0.42218090,0.41505480,1.00527300,0.43765940,0.47459520,0.97362950,0.41083600,0.46200810,1.00540200,0.43603240,0.45011920,1.01415400,0.45893630,0.49230640,0.96534270,0.41722360,0.48827510,0.99335430,0.44343140,0.48059340,1.00378500,0.46630150,0.51079730,0.92348660,0.38784660,0.50856340,0.95217900,0.42264000,0.51152800,0.96451190,0.45025170,0.51146860,0.96778010,0.47007410,0.40688430,0.91447870,0.44700400,0.40134410,1.01167500,0.45382800,0.43880900,1.01870100,0.48044230,0.47185300,1.01212200,0.48717330,0.50899890,0.97210310,0.49121400,10,0
0.50219880,0.90512760,0.35157530,0.50219880,0.90512760,0.35157530,0.50219880,0.90512760,0.35157530,0.48363290,0.91233610,0.36693070,0.46223680,0.91847010,0.37736370,0.43961280,0.91470250,0.39990570,0.42020800,0.91589740,0.42709500,0.45308570,0.97086130,0.40521830,0.43051300,0.99541570,0.42238980,0.41461090,1.00449000,0.43796720,0.47424530,0.97313980,0.41117590,0.46145830,1.00455700,0.43671530,0.44946790,1.01303000,0.45967110,0.49191530,0.96483220,0.41765000,0.48756500,0.99261030,0.44405450,0.47972680,1.00297300,0.46690230,0.51049880,0.92295240,0.38836550,0.50813000,0.95164940,0.42314610,0.51095160,0.96411010,0.45071530,0.51101910,0.96773700,0.47047520,0.40592240,0.91438400,0.44675980,0.40083910,1.01044700,0.45425370,0.43804310,1.01717400,0.48119790,0.47090600,1.01138600,0.48770960,0.50877180,0.97254750,0.49153440,10,0
0.50205560,0.90461190,0.35209530,0.50205560,0.90461190,0.35209530,0.50205560,0.90461190,0.35209530,0.48343070,0.91184140,0.36736920,0.46190530,0.91806200,0.37747990,0.43881560,0.91485730,0.39963350,0.41886260,0.91660060,0.42639290,0.45277880,0.97040230,0.40551820,0.43024940,0.99485420,0.42289180,0.41435030,1.00353400,0.43869520,0.47391460,0.97265920,0.41156750,0.46089940,1.00371600,0.43743060,0.44880280,1.01193600,0.46042250,0.49154760,0.96433370,0.41811920,0.48675460,0.99183960,0.44473120,0.47865870,1.00202400,0.46756940,0.51021430,0.92243160,0.38891970,0.50772440,0.95113440,0.42368690,0.51022390,0.96348120,0.45133840,0.51021210,0.96718980,0.47108320,0.40425350,0.91552180,0.44584760,0.40060730,1.00898400,0.45518230,0.43729380,1.01586100,0.48194550,0.46966490,1.01039600,0.48831920,0.50794120,0.97215850,0.49210320,10,0
0.50231610,0.90423410,0.35270280,0.50231610,0.90423410,0.35270280,0.50231610,0.90423410,0.35270280,0.48364700,0.91146550,0.36792170,0.46201410,0.91769780,0.37779300,0.43861960,0.91499750,0.39969250,0.41826390,0.91727230,0.42610650,0.45270870,0.97009930,0.40572590,0.43014480,0.99442970,0.42322480,0.41425640,1.00273400,0.43923960,0.47382940,0.97248100,0.41178030,0.46052010,1.00325500,0.43783080,0.44835810,1.01129200,0.46085310,0.49149270,0.96426800,0.41839180,0.48623410,0.99162710,0.44506700,0.47793030,1.00173300,0.46786520,0.51036610,0.92228910,0.38943620,0.50772210,0.95116960,0.42404460,0.50994900,0.96358310,0.45168950,0.50992080,0.96749570,0.47139490,0.40344680,0.91661360,0.44542210,0.40057070,1.00771000,0.45592300,0.43681940,1.01504800,0.48239020,0.46881090,1.01014600,0.48854370,0.50768660,0.97273960,0.49235190,10,0
0.50253520,0.90384220,0.35334260,0.50253520,0.90384220,0.35334260,0.50253520,0.90384220,0.35334260,0.48382460,0.91107580,0.36850930,0.46209820,0.91731480,0.37816880,0.43843610,0.91507810,0.39983180,0.41771400,0.91783920,0.42591250,0.45262420,0.96977470,0.40599610,0.43003340,0.99399280,0.42361550,0.41416230,1.00193400,0.43982990,0.47373010,0.97226870,0.41205680,0.46014960,1.00275900,0.43830050,0.44792940,1.01061400,0.46135460,0.49141950,0.96415760,0.41872420,0.48572780,0.99136400,0.44546670,0.47723590,1.00139900,0.46822710,0.51048210,0.92211010,0.38999320,0.50769480,0.95115090,0.42445590,0.50966790,0.96362980,0.45209060,0.50963310,0.96774860,0.47175390,0.40271230,0.91756750,0.44509440,0.40054080,1.00644800,0.45669650,0.43636380,1.01419500,0.48290720,0.46800570,1.00985800,0.48883710,0.50744490,0.97327080,0.49264410,10,0
0.50271890,0.90346040,0.35397120,0.50271890,0.90346040,0.35397120,0.50271890,0.90346040,0.35397120,0.48397020,0.91069620,0.36908980,0.46216810,0.91693480,0.37857740,0.43831070,0.91500460,0.40005490,0.41749400,0.91811010,0.42602120,0.45253500,0.96945180,0.40629020,0.43019320,0.99342000,0.42455730,0.41455720,1.00081200,0.44125300,0.47362680,0.97204540,0.41235810,0.45977500,1.00200900,0.43906210,0.44745010,1.00898800,0.46234140,0.49133820,0.96402490,0.41907640,0.48507600,0.99075750,0.44616690,0.47613950,0.99999580,0.46909370,0.51057080,0.92191700,0.39054770,0.50765320,0.95109980,0.42487940,0.50879390,0.96275350,0.45291840,0.50787660,0.96585870,0.47274590,0.40243350,0.91809760,0.44515900,0.40122000,1.00477000,0.45848230,0.43580840,1.01147500,0.48400670,0.46642770,1.00747200,0.48986180,0.50462710,0.97014140,0.49378820,10,0
0.50309820,0.90306130,0.35413070,0.50309820,0.90306130,0.35413070,0.50309820,0.90306130,0.35413070,0.48421030,0.91033960,0.36905440,0.46227690,0.91661810,0.37820730,0.43806880,0.91504350,0.39931810,0.41694690,0.91853620,0.42498700,0.45236690,0.96922300,0.40570160,0.43016100,0.99301030,0.42436620,0.41463320,0.99991560,0.44136840,0.47340230,0.97188030,0.41193550,0.45914660,1.00138700,0.43893390,0.44657420,1.00759800,0.46229830,0.49106880,0.96392120,0.41884260,0.48411480,0.99024060,0.44616810,0.47463150,0.99879480,0.46914050,0.51060980,0.92170740,0.39068250,0.50735440,0.95105100,0.42484640,0.50754000,0.96197580,0.45319970,0.50572280,0.96422000,0.47308120,0.40167770,0.91881750,0.44395670,0.40143950,1.00336600,0.45881590,0.43472530,1.00912200,0.48394040,0.46436850,1.00543500,0.48992780,0.50141530,0.96744770,0.49412180,10,0
0.50343620,0.90265520,0.35435410,0.50343620,0.90265520,0.35435410,0.50343620,0.90265520,0.35435410,0.48442200,0.90997120,0.36909790,0.46244860,0.91622790,0.37816920,0.43815010,0.91489850,0.39919300,0.41730390,0.91870530,0.42504200,0.45220460,0.96896960,0.40522950,0.43032660,0.99243270,0.42467550,0.41506760,0.99866310,0.44217440,0.47318690,0.97168840,0.41161390,0.45871790,1.00101800,0.43869160,0.44593070,1.00638100,0.46214930,0.49081170,0.96378870,0.41869360,0.48308240,0.98951530,0.44637300,0.47295690,0.99702470,0.46943650,0.51063560,0.92147870,0.39087780,0.50707020,0.95097170,0.42488180,0.50521900,0.95985010,0.45388250,0.50159260,0.95997670,0.47364220,0.40239780,0.91927030,0.44429200,0.40218320,1.00138000,0.45997910,0.43389150,1.00666000,0.48373820,0.46201080,1.00230800,0.49026450,0.49519730,0.96069940,0.49438490,10,0
0.50354400,0.90245710,0.35452000,0.50354400,0.90245710,0.35452000,0.50354400,0.90245710,0.35452000,0.48435490,0.90986280,0.36898980,0.46231350,0.91616650,0.37786150,0.43780700,0.91514380,0.39865980,0.41706170,0.91930750,0.42453500,0.45177940,0.96905640,0.40447530,0.43016310,0.99227940,0.42449380,0.41506660,0.99792530,0.44232880,0.47268270,0.97176460,0.41111800,0.45794650,1.00095000,0.43820760,0.44485360,1.00556000,0.46165660,0.49020130,0.96386270,0.41845420,0.48168780,0.98906680,0.44638290,0.47088710,0.99564500,0.46942460,0.51030670,0.92141070,0.39105980,0.50635670,0.95104220,0.42490040,0.50258770,0.95810430,0.45421280,0.49732160,0.95636380,0.47352210,0.40237290,0.92018290,0.44393980,0.40236810,0.99999300,0.46035290,0.43254300,1.00473400,0.48307780,0.45924930,0.99970480,0.49015160,0.48906570,0.95489070,0.49355590,10,0
0.50364220,0.90223730,0.35473410,0.50364220,0.90223730,0.35473410,0.50364220,0.90223730,0.35473410,0.48429340,0.90972510,0.36894680,0.46219130,0.91606930,0.37763680,0.43749590,0.91535090,0.39822320,0.41687440,0.91986860,0.42413790,0.45138650,0.96909860,0.40382060,0.43002770,0.99206830,0.42439990,0.41509430,0.99712000,0.44254770,0.47221330,0.97180140,0.41070150,0.45721660,1.00082000,0.43782730,0.44384520,1.00468100,0.46125440,0.48963160,0.96390180,0.41827510,0.48035950,0.98858590,0.44642590,0.46893080,0.99424830,0.46940780,0.50999810,0.92131820,0.39128070,0.50569000,0.95108220,0.42496090,0.50014110,0.95642260,0.45435460,0.49342550,0.95294100,0.47296620,0.40242140,0.92105170,0.44370280,0.40258320,0.99852830,0.46076540,0.43130520,1.00277100,0.48247230,0.45666440,0.99710490,0.48997250,0.48354800,0.94943140,0.49198720,10,0
0.50373320,0.90199980,0.35498710,0.50373320,0.90199980,0.35498710,0.50373320,0.90199980,0.35498710,0.48423640,0.90956360,0.36895530,0.46212770,0.91590920,0.37762700,0.43743130,0.91527840,0.39821520,0.41697750,0.91992770,0.42423930,0.45101890,0.96910520,0.40324300,0.43010670,0.99152500,0.42486120,0.41551270,0.99585390,0.44346610,0.47177100,0.97180690,0.41034650,0.45639010,1.00054100,0.43755980,0.44272440,1.00364100,0.46093020,0.48909330,0.96391310,0.41814300,0.47890950,0.98796380,0.44652610,0.46678330,0.99252500,0.46939520,0.50970490,0.92120580,0.39153290,0.50505930,0.95109790,0.42505450,0.49804140,0.95547400,0.45429300,0.49019630,0.95083480,0.47219680,0.40283090,0.92126440,0.44401710,0.40335050,0.99653460,0.46195970,0.42996540,1.00062300,0.48188730,0.45382010,0.99383850,0.48968710,0.47907670,0.94593020,0.49019630,10,0
0.50370260,0.90097810,0.35622000,0.50370260,0.90097810,0.35622000,0.50370260,0.90097810,0.35622000,0.48406850,0.90863450,0.36994320,0.46195640,0.91495350,0.37862570,0.43732330,0.91447870,0.39929380,0.41711600,0.91938500,0.42546290,0.45040840,0.96843960,0.40332880,0.42995610,0.99031850,0.42591920,0.41575670,0.99391440,0.44498000,0.47109240,0.97126950,0.41057950,0.45528280,0.99980870,0.43775250,0.44138680,1.00218500,0.46107180,0.48836780,0.96350270,0.41860410,0.47722400,0.98700690,0.44708410,0.46446070,0.99049140,0.46979530,0.50931420,0.92057700,0.39261400,0.50430720,0.95080200,0.42578320,0.49579500,0.95417860,0.45475620,0.48691420,0.94833020,0.47180150,0.40335910,0.92098120,0.44549470,0.40401060,0.99386460,0.46375300,0.42851410,0.99807350,0.48177180,0.45090600,0.99024720,0.48973880,0.47468420,0.94196400,0.48858180,10,0
0.50367710,0.90000960,0.35739800,0.50367710,0.90000960,0.35739800,0.50367710,0.90000960,0.35739800,0.48391260,0.90775060,0.37088450,0.46179760,0.91404790,0.37957550,0.43721880,0.91373650,0.40031120,0.41724740,0.91890460,0.42661070,0.44983790,0.96779410,0.40341090,0.42981980,0.98915410,0.42687010,0.41598130,0.99204280,0.44631270,0.47045470,0.97074430,0.41080360,0.45424040,0.99908990,0.43794060,0.44014030,1.00077200,0.46119760,0.48768170,0.96309750,0.41904470,0.47563670,0.98607180,0.44759020,0.46231200,0.98853130,0.47011230,0.50894250,0.91997340,0.39364510,0.50359120,0.95050560,0.42647740,0.49370990,0.95288950,0.45511250,0.48397150,0.94589590,0.47123290,0.40386630,0.92076440,0.44687300,0.40461240,0.99128880,0.46530160,0.42719420,0.99562510,0.48161840,0.44828060,0.98681550,0.48964970,0.47085600,0.93815980,0.48671900,10,0
0.50365540,0.89908280,0.35853270,0.50365540,0.89908280,0.35853270,0.50365540,0.89908280,0.35853270,0.48376630,0.90690220,0.37178890,0.46161560,0.91320090,0.38038740,0.43706320,0.91271650,0.40115110,0.41732600,0.91782120,0.42763910,0.44929980,0.96716340,0.40348920,0.42926450,0.98809180,0.42731980,0.41550690,0.99059890,0.44687250,0.46985010,0.97022800,0.41101940,0.45312510,0.99816160,0.43827350,0.43884840,0.99950770,0.46144460,0.48702700,0.96269600,0.41946810,0.47442710,0.98542010,0.44797430,0.46080790,0.98753540,0.47035480,0.50858570,0.91938950,0.39463630,0.50290390,0.95020880,0.42714320,0.49253030,0.95293900,0.45557260,0.48250230,0.94593480,0.47150970,0.40417780,0.91966150,0.44805500,0.40423820,0.98953970,0.46590650,0.42582100,0.99411930,0.48175100,0.44653310,0.98521700,0.48965220,0.46911080,0.93812430,0.48671980,10,0
0.50265970,0.89811810,0.35840830,0.50265970,0.89811810,0.35840830,0.50265970,0.89811810,0.35840830,0.48274170,0.90607200,0.37154040,0.46062380,0.91245760,0.38015940,0.43617520,0.91190370,0.40104350,0.41680050,0.91700660,0.42779810,0.44832720,0.96661630,0.40275430,0.42852690,0.98713950,0.42712740,0.41496500,0.98924190,0.44686380,0.46885670,0.96966490,0.41034760,0.45189660,0.99721350,0.43784720,0.43754830,0.99818780,0.46099260,0.48597820,0.96213250,0.41890760,0.47303480,0.98454250,0.44750830,0.45921420,0.98624690,0.46980020,0.50750760,0.91861990,0.39441260,0.50178830,0.94964410,0.42671750,0.49089910,0.95237480,0.45495330,0.48054700,0.94514120,0.47057770,0.40398470,0.91886710,0.44842250,0.40388860,0.98783580,0.46598790,0.42450180,0.99247680,0.48119840,0.44477000,0.98327260,0.48888030,0.46684590,0.93704370,0.48535590,10,0
0.50174900,0.89718520,0.35836080,0.50174900,0.89718520,0.35836080,0.50174900,0.89718520,0.35836080,0.48179700,0.90526530,0.37136370,0.45970860,0.91173000,0.37999930,0.43535580,0.91112590,0.40099360,0.41633190,0.91624840,0.42799510,0.44740870,0.96607570,0.40208520,0.42785870,0.98618150,0.42700230,0.41449760,0.98785290,0.44691600,0.46791420,0.96911580,0.40974640,0.45071500,0.99629230,0.43746680,0.43629130,0.99687080,0.46057860,0.48498060,0.96158920,0.41842090,0.47166510,0.98365910,0.44711510,0.45763340,0.98490950,0.46930490,0.50649980,0.91788170,0.39426650,0.50072600,0.94910590,0.42636840,0.48924280,0.95167240,0.45438340,0.47854850,0.94409050,0.46960700,0.40384840,0.91814810,0.44881880,0.40361790,0.98607080,0.46612160,0.42322810,0.99078520,0.48066390,0.44302620,0.98123740,0.48813780,0.46452820,0.93557880,0.48384310,10,0
0.50090500,0.89627720,0.35837390,0.50090500,0.89627720,0.35837390,0.50090500,0.89627720,0.35837390,0.48091550,0.90447670,0.37124360,0.45883720,0.91102340,0.37984320,0.43451150,0.91045920,0.40087000,0.41586890,0.91570380,0.42811290,0.44653360,0.96553950,0.40146750,0.42700850,0.98550200,0.42651900,0.41369150,0.98667990,0.44649740,0.46701260,0.96857700,0.40920030,0.44960440,0.99536360,0.43716870,0.43512150,0.99541830,0.46025060,0.48402400,0.96106150,0.41799160,0.47030130,0.98282070,0.44673130,0.45598420,0.98332220,0.46876800,0.50554750,0.91716800,0.39418110,0.49970610,0.94858830,0.42607870,0.48806910,0.95159920,0.45398580,0.47726140,0.94421680,0.46922740,0.40389070,0.91776540,0.44921610,0.40289360,0.98436330,0.46569210,0.42206780,0.98888130,0.48019980,0.44118460,0.97850420,0.48718780,0.46312800,0.93587390,0.48345150,10,0
0.49981630,0.89580110,0.35816320,0.49981630,0.89580110,0.35816320,0.49981630,0.89580110,0.35816320,0.47974590,0.90415120,0.37080830,0.45765320,0.91082300,0.37927360,0.43324990,0.91033240,0.40021220,0.41486080,0.91570840,0.42760140,0.44537800,0.96550600,0.40045120,0.42584460,0.98528530,0.42564110,0.41250390,0.98595870,0.44562710,0.46579730,0.96847640,0.40836560,0.44810360,0.99488030,0.43651810,0.43344440,0.99441860,0.45948380,0.48268760,0.96091530,0.41734930,0.46845840,0.98233570,0.44609720,0.45376330,0.98210260,0.46788810,0.50422110,0.91681870,0.39392620,0.49823120,0.94840010,0.42563660,0.48618690,0.95163730,0.45334490,0.47511530,0.94429680,0.46841630,0.40327580,0.91792830,0.44890710,0.40171070,0.98309890,0.46475110,0.42028330,0.98742130,0.47920500,0.43870890,0.97618830,0.48577440,0.46072940,0.93596610,0.48239230,10,0
0.49883760,0.89533630,0.35800930,0.49883760,0.89533630,0.35800930,0.49883760,0.89533630,0.35800930,0.47869420,0.90382270,0.37044590,0.45659210,0.91060440,0.37879890,0.43213170,0.91017200,0.39967190,0.41401060,0.91566470,0.42721610,0.44433390,0.96544230,0.39954350,0.42482360,0.98499080,0.42493070,0.41149050,0.98514330,0.44493250,0.46469630,0.96835760,0.40762340,0.44672060,0.99437000,0.43596110,0.43190470,0.99338690,0.45880960,0.48147540,0.96076100,0.41678380,0.46674570,0.98182020,0.44554640,0.45170900,0.98085590,0.46708260,0.50302180,0.91647890,0.39372510,0.49689250,0.94821310,0.42525580,0.48440160,0.95155800,0.45275280,0.47305940,0.94416190,0.46759410,0.40282520,0.91802960,0.44871890,0.40073260,0.98173190,0.46398580,0.41865940,0.98591550,0.47829910,0.43646080,0.97387660,0.48441230,0.45842040,0.93573860,0.48124810,10,0
0.49790280,0.89484900,0.35790440,0.49790280,0.89484900,0.35790440,0.49790280,0.89484900,0.35790440,0.47768840,0.90346700,0.37013360,0.45559500,0.91034410,0.37843150,0.43112100,0.91001520,0.39929050,0.41315010,0.91564830,0.42690460,0.44332850,0.96534320,0.39868180,0.42378560,0.98501450,0.42394890,0.41035660,0.98506770,0.44388690,0.46363290,0.96821160,0.40692270,0.44569180,0.99399500,0.43549070,0.43082290,0.99242300,0.45827170,0.48030300,0.96058690,0.41625710,0.46557150,0.98181950,0.44489110,0.45030610,0.98031900,0.46623500,0.50186770,0.91612390,0.39356650,0.49559730,0.94801360,0.42491210,0.48316930,0.95217010,0.45232680,0.47173530,0.94521750,0.46731130,0.40214650,0.91813720,0.44848700,0.39950840,0.98152060,0.46286410,0.41756170,0.98445280,0.47755170,0.43492950,0.97238910,0.48303410,0.45697290,0.93717640,0.48106250,10,0
0.49780660,0.89491470,0.35927840,0.49780660,0.89491470,0.35927840,0.49780660,0.89491470,0.35927840,0.47754850,0.90339810,0.37152930,0.45546960,0.91009290,0.38001270,0.43120220,0.90953090,0.40110680,0.41361590,0.91503300,0.42899370,0.44275950,0.96505900,0.40002350,0.42323610,0.98448820,0.42549220,0.40994560,0.98416790,0.44552040,0.46305630,0.96810200,0.40822050,0.44511260,0.99335370,0.43725790,0.43044260,0.99097730,0.46009810,0.47980300,0.96062580,0.41753800,0.46504340,0.98168880,0.44628260,0.44979080,0.97938820,0.46756420,0.50167200,0.91628890,0.39489210,0.49521130,0.94818920,0.42618820,0.48295870,0.95275310,0.45361700,0.47162560,0.94593700,0.46874030,0.40301120,0.91747390,0.45078030,0.39927620,0.98024920,0.46452580,0.41745850,0.98231330,0.47926710,0.43458780,0.97029640,0.48392700,0.45694340,0.93793230,0.48259820,10,0
0.49766980,0.89491820,0.36056110,0.49766980,0.89491820,0.36056110,0.49766980,0.89491820,0.36056110,0.47736610,0.90328790,0.37281490,0.45530270,0.90982370,0.38146090,0.43122670,0.90905710,0.40276680,0.41401930,0.91445830,0.43090860,0.44217930,0.96476890,0.40120930,0.42268820,0.98393550,0.42690060,0.40954110,0.98321800,0.44701300,0.46246310,0.96797110,0.40937750,0.44450360,0.99269740,0.43885410,0.43001870,0.98954620,0.46171870,0.47927130,0.96063250,0.41869360,0.46443670,0.98148690,0.44755140,0.44919150,0.97839030,0.46873720,0.50142410,0.91639830,0.39612300,0.49477500,0.94832270,0.42735490,0.48260500,0.95320950,0.45476480,0.47132760,0.94646770,0.46996290,0.40381460,0.91687590,0.45288800,0.39905360,0.97890620,0.46603450,0.41729410,0.98021390,0.48074740,0.43418230,0.96817710,0.48461010,0.45668770,0.93843810,0.48385120,10,0
0.49750080,0.89487260,0.36177240,0.49750080,0.89487260,0.36177240,0.49750080,0.89487260,0.36177240,0.47715020,0.90314470,0.37401440,0.45500770,0.90958170,0.38253140,0.43084830,0.90864320,0.40373580,0.41365580,0.91395770,0.43190320,0.44158960,0.96447320,0.40227260,0.42189900,0.98320490,0.42813210,0.40882240,0.98197510,0.44826560,0.46185630,0.96782300,0.41042410,0.44385740,0.99195310,0.44036690,0.42958180,0.98751800,0.46315000,0.47871430,0.96061320,0.41975080,0.46356230,0.98054500,0.44909160,0.44833370,0.97593780,0.47001310,0.50113520,0.91646360,0.39727950,0.49429870,0.94842250,0.42843560,0.48186780,0.95285360,0.45580580,0.47050240,0.94561020,0.47070460,0.40379520,0.91643320,0.45403270,0.39847280,0.97717170,0.46724480,0.41721310,0.97698130,0.48178040,0.43367080,0.96400320,0.48498310,0.45578490,0.93693630,0.48411510,10,0
0.49748150,0.89394030,0.36288870,0.49748150,0.89394030,0.36288870,0.49748150,0.89394030,0.36288870,0.47714110,0.90230500,0.37508480,0.45497570,0.90882190,0.38348070,0.43076500,0.90796240,0.40462990,0.41367690,0.91343250,0.43283100,0.44161690,0.96384270,0.40293090,0.42190550,0.98239900,0.42890080,0.40892170,0.98084000,0.44907150,0.46188980,0.96724400,0.41104550,0.44401660,0.99103920,0.44132980,0.42993790,0.98561290,0.46402070,0.47875160,0.96009530,0.42041230,0.46346270,0.97942750,0.45008150,0.44826380,0.97364240,0.47073020,0.50114500,0.91578100,0.39823980,0.49433790,0.94796170,0.42917320,0.48171640,0.95223630,0.45648110,0.47024160,0.94470330,0.47115060,0.40419610,0.91612710,0.45510040,0.39870370,0.97570480,0.46803520,0.41786000,0.97414630,0.48228940,0.43391760,0.96033840,0.48482720,0.45542090,0.93562160,0.48417170,10,0
0.49741760,0.89301250,0.36401240,0.49741760,0.89301250,0.36401240,0.49741760,0.89301250,0.36401240,0.47707970,0.90146650,0.37615080,0.45489320,0.90805540,0.38443410,0.43064130,0.90726770,0.40553880,0.41367450,0.91289180,0.43378280,0.44156630,0.96320580,0.40356120,0.42184600,0.98158850,0.42964750,0.40896000,0.97969740,0.44985250,0.46184050,0.96666220,0.41164920,0.44407140,0.99011750,0.44225810,0.43018470,0.98374460,0.46482080,0.47870240,0.95957830,0.42106490,0.46327990,0.97835450,0.45102070,0.44812510,0.97145880,0.47135840,0.50108770,0.91510420,0.39920650,0.49428810,0.94750550,0.42991040,0.48147900,0.95167570,0.45714700,0.46990110,0.94388900,0.47160150,0.40457620,0.91580190,0.45618430,0.39887760,0.97422810,0.46879530,0.41838980,0.97140510,0.48270150,0.43412860,0.95689550,0.48453210,0.45498880,0.93443980,0.48425130,10,0
0.49733230,0.89214340,0.36507240,0.49733230,0.89214340,0.36507240,0.49733230,0.89214340,0.36507240,0.47699210,0.90067920,0.37714960,0.45476990,0.90733770,0.38528020,0.43040200,0.90675090,0.40625740,0.41333480,0.91262160,0.43439050,0.44147460,0.96260180,0.40413780,0.42208310,0.98125490,0.43027860,0.40935100,0.97927540,0.45057260,0.46174740,0.96611210,0.41220650,0.44394170,0.98975630,0.44264830,0.43004410,0.98352620,0.46524420,0.47860720,0.95909120,0.42167290,0.46322090,0.97790650,0.45162270,0.44810300,0.97130740,0.47208600,0.50099590,0.91447070,0.40011810,0.49419090,0.94707760,0.43060240,0.48163850,0.95173500,0.45787950,0.47009380,0.94415520,0.47246990,0.40415390,0.91571830,0.45673320,0.39942680,0.97360580,0.46953990,0.41824600,0.97129390,0.48319630,0.43407150,0.95697750,0.48547640,0.45517240,0.93480660,0.48518360,10,0
0.49793790,0.89127370,0.36619820,0.49793790,0.89127370,0.36619820,0.49793790,0.89127370,0.36619820,0.47749900,0.89980070,0.37811390,0.45517950,0.90644050,0.38598920,0.43058960,0.90591330,0.40670740,0.41327880,0.91189710,0.43466730,0.44164030,0.96173110,0.40462900,0.42232610,0.98045220,0.43077830,0.40962710,0.97824880,0.45107000,0.46185250,0.96533130,0.41280930,0.44376250,0.98893550,0.44311430,0.42976400,0.98258050,0.46561290,0.47867250,0.95839640,0.42240890,0.46305590,0.97704390,0.45234450,0.44786840,0.97040680,0.47274380,0.50132020,0.91375280,0.40117510,0.49423390,0.94646320,0.43148390,0.48169300,0.95141340,0.45871470,0.47009510,0.94390420,0.47329940,0.40393800,0.91509840,0.45692880,0.39976360,0.97226920,0.46997370,0.41793230,0.97022970,0.48346140,0.43383010,0.95598250,0.48602540,0.45510370,0.93451580,0.48590090,10,0
0.49846210,0.89043210,0.36728980,0.49846210,0.89043210,0.36728980,0.49846210,0.89043210,0.36728980,0.47793120,0.89895420,0.37905000,0.45552390,0.90557750,0.38668620,0.43073280,0.90510490,0.40716450,0.41321750,0.91120000,0.43497260,0.44175600,0.96089890,0.40509760,0.42250510,0.97964780,0.43127380,0.40984340,0.97719830,0.45156040,0.46191020,0.96458600,0.41338150,0.44355580,0.98809860,0.44359860,0.42948310,0.98152460,0.46598770,0.47869150,0.95773500,0.42310830,0.46284080,0.97617050,0.45305210,0.44758950,0.96936570,0.47334830,0.50158000,0.91306390,0.40219270,0.49423030,0.94588020,0.43232380,0.48167040,0.95107920,0.45949940,0.47001070,0.94360610,0.47405340,0.40376730,0.91451120,0.45717180,0.40004720,0.97089610,0.47039430,0.41765030,0.96897490,0.48369620,0.43358820,0.95470800,0.48641170,0.45494700,0.93414470,0.48651330,10,0
0.49891110,0.88964830,0.36830770,0.49891110,0.88964830,0.36830770,0.49891110,0.88964830,0.36830770,0.47829740,0.89816820,0.37992350,0.45579900,0.90478220,0.38729520,0.43077150,0.90442320,0.40748630,0.41340990,0.91075380,0.43533820,0.44183680,0.96012940,0.40553010,0.42278020,0.97905880,0.43171850,0.41023000,0.97607440,0.45200290,0.46193740,0.96389720,0.41390720,0.44339350,0.98729630,0.44409670,0.42932150,0.98012090,0.46630080,0.47868230,0.95712480,0.42375110,0.46257150,0.97514160,0.45381070,0.44728090,0.96771580,0.47385820,0.50178810,0.91242580,0.40313640,0.49419920,0.94534370,0.43309690,0.48146270,0.95049190,0.46019990,0.46963570,0.94263450,0.47441240,0.40422450,0.91428450,0.45761450,0.40064300,0.96894000,0.47064650,0.41764320,0.96682210,0.48355950,0.43343720,0.95247070,0.48640690,0.45442600,0.93257630,0.48620980,10,0
0.49946980,0.88918960,0.36844800,0.49946980,0.88918960,0.36844800,0.49946980,0.88918960,0.36844800,0.47879820,0.89764100,0.38001110,0.45622290,0.90415640,0.38723410,0.43108560,0.90383600,0.40728890,0.41397640,0.91038260,0.43524680,0.44190280,0.95951310,0.40520710,0.42307110,0.97855840,0.43147410,0.41075520,0.97506150,0.45182010,0.46197780,0.96348030,0.41355370,0.44329990,0.98673560,0.44377170,0.42939930,0.97897080,0.46588530,0.47877230,0.95689390,0.42343900,0.46249090,0.97450500,0.45364670,0.44732020,0.96646100,0.47354610,0.50219150,0.91222190,0.40312140,0.49437450,0.94528690,0.43286050,0.48159690,0.95042510,0.45994600,0.46974080,0.94221470,0.47393300,0.40514120,0.91414110,0.45762730,0.40151140,0.96715860,0.47032660,0.41804730,0.96496680,0.48280050,0.43379370,0.95060900,0.48568210,0.45453230,0.93158920,0.48522390,10,0
0.49997450,0.88871300,0.36865550,0.49997450,0.88871300,0.36865550,0.49997450,0.88871300,0.36865550,0.47924600,0.89710440,0.38016000,0.45661370,0.90352370,0.38729010,0.43143620,0.90316060,0.40729360,0.41443000,0.90980700,0.43529080,0.44194180,0.95889720,0.40494540,0.42310330,0.97794710,0.43120410,0.41090100,0.97422470,0.45157860,0.46198890,0.96305030,0.41326870,0.44309430,0.98610790,0.44350340,0.42927520,0.97824790,0.46563450,0.47882430,0.95663870,0.42319930,0.46251870,0.97463970,0.45316310,0.44737230,0.96706780,0.47326530,0.50253910,0.91198900,0.40317770,0.49450040,0.94519600,0.43269870,0.48184170,0.95072420,0.45976320,0.47004730,0.94263950,0.47387500,0.40557180,0.91363340,0.45765070,0.40184620,0.96597870,0.47002880,0.41807430,0.96409730,0.48252830,0.43383260,0.95151850,0.48577240,0.45488770,0.93198010,0.48519970,10,0
0.49985650,0.88846530,0.36852170,0.49985650,0.88846530,0.36852170,0.49985650,0.88846530,0.36852170,0.47913730,0.89679600,0.38008700,0.45649430,0.90315750,0.38723480,0.43133230,0.90270510,0.40725620,0.41453420,0.90931640,0.43538690,0.44174210,0.95847650,0.40501450,0.42306040,0.97740700,0.43147090,0.41102560,0.97334100,0.45187910,0.46180060,0.96267480,0.41328750,0.44287590,0.98538140,0.44376800,0.42918180,0.97726270,0.46588350,0.47867860,0.95629920,0.42316890,0.46247140,0.97443410,0.45310540,0.44738350,0.96711340,0.47334420,0.50245360,0.91172380,0.40305330,0.49440880,0.94488980,0.43261870,0.48195230,0.95063620,0.45973160,0.47022070,0.94259370,0.47391960,0.40575360,0.91309070,0.45778630,0.40219020,0.96464470,0.47022870,0.41814200,0.96284410,0.48265620,0.43384820,0.95171060,0.48603610,0.45509760,0.93185170,0.48521500,10,0
0.49975150,0.88818720,0.36846100,0.49975150,0.88818720,0.36846100,0.49975150,0.88818720,0.36846100,0.47903650,0.89646350,0.38007270,0.45637950,0.90277140,0.38722370,0.43122350,0.90223930,0.40725050,0.41462040,0.90882890,0.43550200,0.44154090,0.95804480,0.40509460,0.42301320,0.97686300,0.43173860,0.41114280,0.97245050,0.45217130,0.46160650,0.96229130,0.41332540,0.44264420,0.98465410,0.44403590,0.42907240,0.97625290,0.46612110,0.47852170,0.95595570,0.42316900,0.46238050,0.97418020,0.45308690,0.44734580,0.96704130,0.47342980,0.50236460,0.91144440,0.40299220,0.49430060,0.94458360,0.43258240,0.48202400,0.95054420,0.45973100,0.47034400,0.94253240,0.47397890,0.40592120,0.91256630,0.45793920,0.40252450,0.96330700,0.47040630,0.41819630,0.96155000,0.48275350,0.43383420,0.95171930,0.48624410,0.45525030,0.93169610,0.48522340,10,0
0.49965670,0.88788500,0.36845770,0.49965670,0.88788500,0.36845770,0.49965670,0.88788500,0.36845770,0.47894170,0.89611190,0.38010470,0.45630680,0.90235650,0.38738020,0.43123620,0.90186980,0.40751500,0.41465680,0.90850470,0.43576970,0.44133830,0.95760410,0.40518370,0.42257680,0.97602010,0.43194500,0.41074300,0.97138790,0.45235020,0.46140790,0.96190140,0.41337870,0.44232450,0.98404200,0.44417510,0.42882320,0.97546670,0.46623660,0.47835580,0.95560900,0.42319350,0.46216380,0.97372000,0.45315270,0.44717860,0.96653010,0.47351430,0.50227300,0.91115370,0.40298100,0.49417930,0.94427720,0.43258070,0.48198620,0.95026590,0.45976080,0.47033430,0.94216580,0.47398160,0.40582840,0.91223110,0.45815830,0.40220980,0.96208160,0.47054290,0.41805220,0.96064150,0.48282880,0.43372850,0.95118270,0.48636290,0.45526790,0.93115500,0.48509240,10,0
0.49986080,0.88778160,0.36856530,0.49986080,0.88778160,0.36856530,0.49986080,0.88778160,0.36856530,0.47917190,0.89587090,0.38035410,0.45657130,0.90196710,0.38785830,0.43167250,0.90140190,0.40820320,0.41524300,0.90797540,0.43655970,0.44137840,0.95710550,0.40577530,0.42249680,0.97503530,0.43278120,0.41082540,0.97008380,0.45320500,0.46147350,0.96150110,0.41385470,0.44234610,0.98328780,0.44487540,0.42904790,0.97443220,0.46694960,0.47851660,0.95528670,0.42355390,0.46235480,0.97317690,0.45366170,0.44753280,0.96584480,0.47409190,0.50255860,0.91100290,0.40311420,0.49446090,0.94402750,0.43282320,0.48245460,0.94996130,0.46009830,0.47091970,0.94171290,0.47432930,0.40640570,0.91162380,0.45895750,0.40250630,0.96052070,0.47136360,0.41851170,0.95939720,0.48350360,0.43425500,0.95038780,0.48698820,0.45596540,0.93046340,0.48535210,10,0
0.50004730,0.88764550,0.36870310,0.50004730,0.88764550,0.36870310,0.50004730,0.88764550,0.36870310,0.47938070,0.89560830,0.38061650,0.45681290,0.90156630,0.38832770,0.43207220,0.90093510,0.40886270,0.41579180,0.90746470,0.43731510,0.44140200,0.95660590,0.40633000,0.42242510,0.97408210,0.43356540,0.41091670,0.96881200,0.45400190,0.46151740,0.96109740,0.41430520,0.44234290,0.98254050,0.44553550,0.42923810,0.97340610,0.46761180,0.47864640,0.95496070,0.42390210,0.46250630,0.97264860,0.45414080,0.44783400,0.96518480,0.47463120,0.50281110,0.91083370,0.40326900,0.49470110,0.94377390,0.43306800,0.48286760,0.94967380,0.46042590,0.47143890,0.94129000,0.47466350,0.40695400,0.91104970,0.45972300,0.40281090,0.95898510,0.47211610,0.41892860,0.95815930,0.48411470,0.43471950,0.94961810,0.48756270,0.45658750,0.92981480,0.48559220,10,0
0.50021980,0.88748340,0.36886490,0.50021980,0.88748340,0.36886490,0.50021980,0.88748340,0.36886490,0.47957250,0.89532830,0.38088940,0.45704340,0.90115410,0.38881180,0.43245220,0.90052740,0.40952560,0.41656270,0.90713140,0.43818110,0.44141230,0.95610480,0.40685650,0.42258580,0.97316780,0.43445580,0.41136520,0.96735580,0.45490540,0.46154410,0.96069040,0.41473640,0.44248130,0.98195030,0.44615970,0.42955790,0.97269890,0.46829410,0.47875160,0.95463110,0.42424150,0.46259720,0.97175240,0.45479690,0.44811570,0.96377520,0.47522960,0.50303760,0.91064920,0.40344140,0.49490850,0.94351670,0.43331550,0.48294230,0.94879590,0.46074240,0.47153670,0.93983320,0.47464190,0.40823530,0.91084630,0.46076270,0.40359700,0.95701100,0.47287870,0.41942100,0.95735360,0.48481260,0.43527350,0.94778070,0.48790980,0.45678130,0.92772570,0.48500380,10,0
0.50002440,0.88690980,0.36948500,0.50002440,0.88690980,0.36948500,0.50002440,0.88690980,0.36948500,0.47935410,0.89479560,0.38144300,0.45684020,0.90065710,0.38938220,0.43222430,0.90022470,0.41007170,0.41651920,0.90703670,0.43878010,0.44123030,0.95564760,0.40728620,0.42243680,0.97246640,0.43505750,0.41128690,0.96624460,0.45542500,0.46134570,0.96019400,0.41523050,0.44227560,0.98141740,0.44667400,0.42929110,0.97213890,0.46876130,0.47851070,0.95410120,0.42479080,0.46222720,0.97084750,0.45548530,0.44771170,0.96253060,0.47575770,0.50277680,0.91007110,0.40406980,0.49461650,0.94295540,0.43391690,0.48235790,0.94777200,0.46129980,0.47081640,0.93837560,0.47479470,0.40850830,0.91094920,0.46144270,0.40362590,0.95548890,0.47320200,0.41909190,0.95676480,0.48521470,0.43491460,0.94625540,0.48812260,0.45600420,0.92580820,0.48450770,10,0
0.49985070,0.88635350,0.37008240,0.49985070,0.88635350,0.37008240,0.49985070,0.88635350,0.37008240,0.47915850,0.89427190,0.38198090,0.45665930,0.90015950,0.38994260,0.43202720,0.89990760,0.41061570,0.41650230,0.90691570,0.43937490,0.44105250,0.95518450,0.40770750,0.42228410,0.97175630,0.43564360,0.41120850,0.96514050,0.45592730,0.46115220,0.95970220,0.41570770,0.44206800,0.98086990,0.44718020,0.42903750,0.97154500,0.46922080,0.47828110,0.95358530,0.42531730,0.46187790,0.96998140,0.45613680,0.44733810,0.96135140,0.47626040,0.50254010,0.90951610,0.40467130,0.49434460,0.94241700,0.43449040,0.48181980,0.94680330,0.46182510,0.47016560,0.93700550,0.47493210,0.40879140,0.91101150,0.46210900,0.40365960,0.95399310,0.47350980,0.41879490,0.95612690,0.48560580,0.43459250,0.94481810,0.48833240,0.45532190,0.92401520,0.48402070,10,0
0.49969380,0.88581030,0.37066230,0.49969380,0.88581030,0.37066230,0.49969380,0.88581030,0.37066230,0.47898060,0.89375470,0.38250680,0.45654380,0.89964710,0.39063920,0.43199290,0.89972650,0.41141000,0.41658150,0.90703720,0.44015500,0.44087800,0.95471630,0.40812230,0.42231560,0.97140100,0.43612880,0.41123050,0.96490510,0.45644610,0.46096250,0.95921350,0.41617210,0.44199470,0.98049410,0.44763880,0.42894810,0.97109750,0.46963930,0.47806030,0.95307990,0.42582620,0.46145520,0.96911870,0.45672560,0.44687690,0.96029770,0.47673830,0.50232190,0.90897840,0.40525220,0.49408810,0.94189590,0.43504250,0.48126210,0.94602920,0.46227670,0.46956860,0.93623900,0.47535440,0.40908200,0.91138080,0.46291380,0.40362300,0.95384700,0.47405980,0.41869250,0.95556480,0.48590760,0.43412760,0.94369550,0.48871130,0.45471170,0.92330770,0.48450510,10,0
0.49949460,0.88506080,0.37084530,0.49949460,0.88506080,0.37084530,0.49949460,0.88506080,0.37084530,0.47875320,0.89305440,0.38260710,0.45637260,0.89900890,0.39084810,0.43181590,0.89938310,0.41160900,0.41644920,0.90686260,0.44033440,0.44085980,0.95407890,0.40838270,0.42244860,0.97072750,0.43651020,0.41124940,0.96420450,0.45675610,0.46091820,0.95839710,0.41659390,0.44202960,0.97963690,0.44813580,0.42882870,0.97007720,0.46997330,0.47791380,0.95209280,0.42631830,0.46107140,0.96765930,0.45733050,0.44632990,0.95858500,0.47710900,0.50203770,0.90798010,0.40560700,0.49381120,0.94074790,0.43556380,0.48060810,0.94451030,0.46267130,0.46876560,0.93465730,0.47556640,0.40909420,0.91132110,0.46311820,0.40347680,0.95309620,0.47426580,0.41841540,0.95437150,0.48597320,0.43344890,0.94188490,0.48880170,0.45379140,0.92174650,0.48455350,10,0
0.49930970,0.88433330,0.37105280,0.49930970,0.88433330,0.37105280,0.49930970,0.88433330,0.37105280,0.47854170,0.89237020,0.38273800,0.45621580,0.89837490,0.39109050,0.43166580,0.89903220,0.41185220,0.41636460,0.90668340,0.44056740,0.44082840,0.95344650,0.40865440,0.42255630,0.97003280,0.43690930,0.41126470,0.96345050,0.45708440,0.46086020,0.95760450,0.41701200,0.44204220,0.97879110,0.44863170,0.42870420,0.96907130,0.47031480,0.47776190,0.95114800,0.42680000,0.46068930,0.96625710,0.45791240,0.44580250,0.95693340,0.47746480,0.50176830,0.90702830,0.40596730,0.49354070,0.93966000,0.43607200,0.47997870,0.94306390,0.46304940,0.46799780,0.93312500,0.47574940,0.40916940,0.91125920,0.46337890,0.40335680,0.95226500,0.47448410,0.41815350,0.95319970,0.48605890,0.43281280,0.94012820,0.48888350,0.45292120,0.92019890,0.48454110,10,0
0.49913620,0.88362410,0.37127930,0.49913620,0.88362410,0.37127930,0.49913620,0.88362410,0.37127930,0.47834310,0.89169990,0.38289260,0.45600090,0.89776930,0.39115430,0.43132730,0.89848730,0.41176700,0.41612000,0.90614000,0.44053170,0.44078690,0.95281960,0.40893460,0.42223890,0.96916520,0.43714990,0.41086980,0.96198020,0.45707450,0.46079180,0.95683220,0.41742660,0.44169490,0.97771290,0.44908260,0.42819470,0.96775130,0.47055440,0.47760640,0.95023830,0.42727290,0.46037450,0.96526340,0.45833820,0.44531260,0.95606030,0.47781350,0.50151120,0.90611490,0.40633150,0.49327610,0.93862150,0.43656930,0.47953920,0.94194920,0.46346750,0.46744530,0.93206110,0.47609980,0.40926450,0.91075470,0.46343970,0.40304240,0.95004340,0.47400500,0.41755160,0.95166530,0.48601630,0.43216710,0.93928900,0.48910280,0.45225910,0.91918910,0.48478170,10,0
0.49866400,0.88351680,0.37151810,0.49866400,0.88351680,0.37151810,0.49866400,0.88351680,0.37151810,0.47795140,0.89164310,0.38323970,0.45567330,0.89776890,0.39163160,0.43110190,0.89860900,0.41236140,0.41627200,0.90637340,0.44129260,0.44070360,0.95284910,0.40952080,0.42218650,0.96905570,0.43783630,0.41096980,0.96139230,0.45766880,0.46076120,0.95679420,0.41791950,0.44170560,0.97749760,0.44971640,0.42829110,0.96737510,0.47116680,0.47760370,0.95014110,0.42767790,0.46049770,0.96514260,0.45882400,0.44548910,0.95607020,0.47840150,0.50127550,0.90596700,0.40657950,0.49328370,0.93846910,0.43688730,0.47963040,0.94178310,0.46382980,0.46757240,0.93195270,0.47654130,0.40996840,0.91111450,0.46433300,0.40341760,0.94884460,0.47427950,0.41774720,0.95113330,0.48653330,0.43235020,0.93933390,0.48975050,0.45239560,0.91912210,0.48530040,10,0
0.49822460,0.88337090,0.37176910,0.49822460,0.88337090,0.37176910,0.49822460,0.88337090,0.37176910,0.47758410,0.89154290,0.38358560,0.45536770,0.89771880,0.39210360,0.43089320,0.89868560,0.41294220,0.41642270,0.90656360,0.44202430,0.44061720,0.95282570,0.41008330,0.42213790,0.96889310,0.43850280,0.41106770,0.96077900,0.45823800,0.46072080,0.95670690,0.41840140,0.44170280,0.97724020,0.45033090,0.42836490,0.96695800,0.47175320,0.47758560,0.94999740,0.42808240,0.46057700,0.96494080,0.45930980,0.44561550,0.95596310,0.47896680,0.50104580,0.90577880,0.40684120,0.49327160,0.93827270,0.43721430,0.47967360,0.94154780,0.46418950,0.46764360,0.93175490,0.47695640,0.41064920,0.91142680,0.46517790,0.40377900,0.94766430,0.47452530,0.41791140,0.95056210,0.48701750,0.43248650,0.93924250,0.49035030,0.45247470,0.91894770,0.48576330,10,0
0.49781130,0.88319460,0.37202950,0.49781130,0.88319460,0.37202950,0.49781130,0.88319460,0.37202950,0.47723610,0.89140860,0.38393060,0.45504540,0.89764180,0.39247350,0.43060770,0.89857770,0.41335670,0.41600340,0.90636540,0.44239630,0.44052840,0.95276070,0.41062720,0.42203050,0.96895580,0.43896200,0.41090250,0.96109810,0.45876840,0.46067270,0.95658060,0.41887490,0.44195110,0.97718680,0.45093240,0.42866530,0.96704080,0.47245170,0.47755540,0.94981690,0.42848670,0.46051300,0.96452460,0.45980740,0.44558690,0.95558520,0.47950870,0.50082090,0.90555890,0.40711380,0.49324430,0.93804170,0.43754860,0.47949860,0.94077020,0.46450980,0.46747100,0.93071990,0.47707730,0.41013440,0.91116110,0.46553990,0.40350260,0.94828590,0.47524530,0.41817510,0.95077840,0.48783310,0.43247930,0.93886240,0.49091350,0.45233400,0.91771790,0.48565050,10,0
0.49825760,0.88350560,0.37234570,0.49825760,0.88350560,0.37234570,0.49825760,0.88350560,0.37234570,0.47765660,0.89164600,0.38425270,0.45542970,0.89781190,0.39275040,0.43095060,0.89860110,0.41359110,0.41611310,0.90623690,0.44255270,0.44077180,0.95285910,0.41102450,0.42207370,0.96903810,0.43923670,0.41087830,0.96128370,0.45904590,0.46090330,0.95672330,0.41928290,0.44222180,0.97726540,0.45140490,0.42896280,0.96714080,0.47295080,0.47780220,0.94999330,0.42888970,0.46053400,0.96437190,0.46023950,0.44561440,0.95538370,0.47992360,0.50119590,0.90582960,0.40746180,0.49352130,0.93824910,0.43793950,0.47953050,0.94039820,0.46482690,0.46751430,0.93005250,0.47716330,0.41009880,0.91094850,0.46567630,0.40341370,0.94863110,0.47561660,0.41847800,0.95091630,0.48837600,0.43257270,0.93858460,0.49129180,0.45244510,0.91679520,0.48546060,10,0
0.49864660,0.88375370,0.37266180,0.49864660,0.88375370,0.37266180,0.49864660,0.88375370,0.37266180,0.47802340,0.89182890,0.38457490,0.45576680,0.89793520,0.39303780,0.43125370,0.89860280,0.41384280,0.41622460,0.90611080,0.44273880,0.44098690,0.95291760,0.41142130,0.42210810,0.96906660,0.43953020,0.41085890,0.96136710,0.45933030,0.46110720,0.95681830,0.41968990,0.44246260,0.97728900,0.45187880,0.42922970,0.96716870,0.47344280,0.47801970,0.95011530,0.42929170,0.46054040,0.96417560,0.46066880,0.44562460,0.95514860,0.48033800,0.50152340,0.90603660,0.40780910,0.49376450,0.93839610,0.43832920,0.47954680,0.93999840,0.46513560,0.46754310,0.92937980,0.47725040,0.41011140,0.91075590,0.46585000,0.40334990,0.94881590,0.47595800,0.41875310,0.95096520,0.48889550,0.43264120,0.93828160,0.49167240,0.45253910,0.91588730,0.48528270,10,0
0.49898620,0.88395170,0.37297070,0.49898620,0.88395170,0.37297070,0.49898620,0.88395170,0.37297070,0.47834400,0.89196900,0.38488980,0.45605380,0.89802580,0.39329990,0.43146670,0.89869010,0.41401740,0.41693560,0.90628060,0.44314580,0.44117700,0.95294650,0.41180870,0.42232870,0.96896150,0.44001460,0.41114870,0.96107210,0.45977900,0.46128750,0.95687730,0.42008700,0.44250600,0.97684530,0.45251120,0.42943110,0.96596150,0.47379790,0.47821150,0.95019600,0.42968370,0.46057310,0.96408090,0.46104990,0.44566670,0.95471660,0.48056790,0.50180970,0.90619390,0.40814810,0.49397810,0.93849700,0.43870920,0.47958260,0.94018730,0.46541510,0.46753050,0.92929850,0.47723850,0.41180420,0.91111610,0.46645580,0.40376170,0.94825740,0.47625970,0.41926170,0.94903070,0.48866500,0.43285290,0.93750090,0.49156610,0.45258830,0.91546390,0.48478980,10,0
0.49908390,0.88457300,0.37358880,0.49908390,0.88457300,0.37358880,0.49908390,0.88457300,0.37358880,0.47847090,0.89248850,0.38562580,0.45618090,0.89840320,0.39413690,0.43171350,0.89907100,0.41499570,0.41784210,0.90690840,0.44437920,0.44094430,0.95332550,0.41236320,0.42224650,0.96934160,0.44066840,0.41137440,0.96138070,0.46057550,0.46108820,0.95752440,0.42042570,0.44233380,0.97720390,0.45304140,0.42969780,0.96574980,0.47429390,0.47816280,0.95109210,0.42992510,0.46054490,0.96495390,0.46131300,0.44590740,0.95535520,0.48092050,0.50200190,0.90714160,0.40854980,0.49412480,0.93962620,0.43890630,0.47977300,0.94148040,0.46562490,0.46788320,0.93033590,0.47737420,0.41377790,0.91210160,0.46782240,0.40435530,0.94842860,0.47710940,0.42008920,0.94825330,0.48887620,0.43349620,0.93783260,0.49189560,0.45319930,0.91612450,0.48472970,10,0
0.49917280,0.88512150,0.37417910,0.49917280,0.88512150,0.37417910,0.49917280,0.88512150,0.37417910,0.47858790,0.89294510,0.38632390,0.45629980,0.89873090,0.39492800,0.43193980,0.89940460,0.41591180,0.41868380,0.90747740,0.44551480,0.44073710,0.95364810,0.41290820,0.42217120,0.96966200,0.44130130,0.41158010,0.96163110,0.46133130,0.46090710,0.95808660,0.42077440,0.44218880,0.97749200,0.45357450,0.42996690,0.96551420,0.47478040,0.47811480,0.95187810,0.43018240,0.46050330,0.96569200,0.46159510,0.44611530,0.95586750,0.48127520,0.50217180,0.90797980,0.40894460,0.49425060,0.94062270,0.43911920,0.47991290,0.94258250,0.46583780,0.46817840,0.93117710,0.47749240,0.41561860,0.91300640,0.46903300,0.40489910,0.94854840,0.47790250,0.42088170,0.94750830,0.48907550,0.43408220,0.93805890,0.49221100,0.45374850,0.91660120,0.48463410,10,0
0.49925200,0.88559830,0.37472330,0.49925200,0.88559830,0.37472330,0.49925200,0.88559830,0.37472330,0.47869340,0.89334080,0.38696430,0.45643670,0.89900500,0.39572900,0.43225700,0.89963770,0.41692160,0.41951150,0.90786810,0.44670480,0.44055630,0.95392020,0.41342090,0.42206670,0.96994890,0.44185550,0.41183780,0.96140330,0.46186070,0.46074650,0.95856860,0.42111240,0.44207220,0.97772600,0.45408300,0.43032240,0.96491030,0.47506470,0.47806930,0.95255760,0.43043690,0.46035560,0.96614930,0.46188900,0.44622050,0.95578290,0.48147420,0.50231910,0.90870920,0.40931530,0.49435670,0.94148840,0.43933110,0.47993260,0.94391330,0.46596490,0.46831220,0.93230470,0.47753290,0.41767840,0.91376320,0.47026240,0.40571100,0.94765080,0.47810050,0.42189710,0.94609120,0.48870130,0.43467380,0.93746080,0.49208110,0.45415360,0.91732340,0.48437220,10,0
0.49924620,0.88559750,0.37526570,0.49924620,0.88559750,0.37526570,0.49924620,0.88559750,0.37526570,0.47868950,0.89330610,0.38753110,0.45644580,0.89890100,0.39637320,0.43236820,0.89955540,0.41768110,0.42003960,0.90798380,0.44758420,0.44030960,0.95384590,0.41372610,0.42183230,0.96993070,0.44213710,0.41187250,0.96095690,0.46209060,0.46050140,0.95865830,0.42131180,0.44180870,0.97762220,0.45438370,0.43043290,0.96407720,0.47511180,0.47789180,0.95280670,0.43061170,0.46001230,0.96622990,0.46204230,0.44605190,0.95539490,0.48149880,0.50231020,0.90895520,0.40969200,0.49427370,0.94188830,0.43951870,0.47966700,0.94472710,0.46601180,0.46811270,0.93292660,0.47745110,0.41929230,0.91423800,0.47110860,0.40619690,0.94663850,0.47800180,0.42256470,0.94456680,0.48809410,0.43491340,0.93663190,0.49176610,0.45419230,0.91757660,0.48395360,10,0
0.49924380,0.88560250,0.37579480,0.49924380,0.88560250,0.37579480,0.49924380,0.88560250,0.37579480,0.47868990,0.89327700,0.38808630,0.45645160,0.89880720,0.39698260,0.43248030,0.89937320,0.41841240,0.42045680,0.90787990,0.44841740,0.44008080,0.95377210,0.41404690,0.42186740,0.96996480,0.44256660,0.41221060,0.96063820,0.46250730,0.46027340,0.95873840,0.42153020,0.44153620,0.97761520,0.45462670,0.43046820,0.96358000,0.47519480,0.47772790,0.95303670,0.43080340,0.45975040,0.96631460,0.46224000,0.44597240,0.95507860,0.48159880,0.50230540,0.90918760,0.41006580,0.49419950,0.94226060,0.43971840,0.47954720,0.94571700,0.46611280,0.46805430,0.93397290,0.47767140,0.42097650,0.91448510,0.47185190,0.40690700,0.94591860,0.47817900,0.42307000,0.94357120,0.48768550,0.43520200,0.93595330,0.49158640,0.45429290,0.91849040,0.48419820,10,0
0.49935030,0.88525610,0.37650450,0.49935030,0.88525610,0.37650450,0.49935030,0.88525610,0.37650450,0.47880800,0.89287690,0.38884870,0.45658090,0.89832780,0.39782150,0.43272790,0.89878500,0.41938560,0.42102330,0.90733850,0.44950320,0.43998260,0.95328330,0.41469310,0.42203400,0.96953800,0.44334510,0.41267860,0.95987710,0.46327020,0.46017990,0.95839370,0.42206610,0.44142780,0.97713780,0.45522950,0.43068140,0.96263150,0.47564060,0.47770460,0.95283000,0.43129050,0.45966200,0.96592830,0.46276490,0.44608580,0.95430140,0.48203520,0.50243080,0.90901770,0.41065170,0.49427250,0.94218500,0.44018450,0.47958520,0.94614090,0.46648900,0.46816790,0.93441340,0.47813910,0.42269100,0.91423760,0.47279900,0.40773480,0.94478750,0.47870590,0.42374750,0.94216980,0.48765470,0.43568360,0.93483640,0.49175330,0.45457740,0.91878120,0.48466690,10,0
0.49945040,0.88494180,0.37719050,0.49945040,0.88494180,0.37719050,0.49945040,0.88494180,0.37719050,0.47891990,0.89251070,0.38958620,0.45670410,0.89788550,0.39863260,0.43296580,0.89824070,0.42032480,0.42158470,0.90684700,0.45055110,0.43988690,0.95282890,0.41532330,0.42219780,0.96914300,0.44410270,0.41313520,0.95916100,0.46400500,0.46008770,0.95807740,0.42258920,0.44132370,0.97667970,0.45582570,0.43090150,0.96171060,0.47607000,0.47767930,0.95264630,0.43176500,0.45957280,0.96556000,0.46327910,0.44620080,0.95355200,0.48245830,0.50254830,0.90887160,0.41121840,0.49433930,0.94212760,0.44063720,0.47960080,0.94654640,0.46683910,0.46825750,0.93481960,0.47856190,0.42436110,0.91402960,0.47365470,0.40853820,0.94371900,0.47919730,0.42443020,0.94082110,0.48759620,0.43616620,0.93376250,0.49190370,0.45484280,0.91902870,0.48507170,10,0
0.49954530,0.88465270,0.37785750,0.49954530,0.88465270,0.37785750,0.49954530,0.88465270,0.37785750,0.47902690,0.89217100,0.39030390,0.45678250,0.89747840,0.39931970,0.43300720,0.89789140,0.42097030,0.42139520,0.90660060,0.45107910,0.43979310,0.95240160,0.41594070,0.42229780,0.96869840,0.44484810,0.41357970,0.95820330,0.46464000,0.45999620,0.95778320,0.42310200,0.44135500,0.97645940,0.45636620,0.43110490,0.96149900,0.47670460,0.47765200,0.95248060,0.43222950,0.45966060,0.96543080,0.46379450,0.44649270,0.95312070,0.48292330,0.50265930,0.90874400,0.41176980,0.49440080,0.94208440,0.44107900,0.47972140,0.94696590,0.46723200,0.46845300,0.93523240,0.47902010,0.42432370,0.91397390,0.47410360,0.40944420,0.94221770,0.47939650,0.42480320,0.94057360,0.48825960,0.43681320,0.93299590,0.49202440,0.45519790,0.91928140,0.48546620,10,0
0.49940720,0.88431470,0.37810500,0.49940720,0.88431470,0.37810500,0.49940720,0.88431470,0.37810500,0.47884500,0.89183720,0.39047640,0.45653060,0.89713600,0.39932270,0.43258460,0.89766720,0.42078180,0.42061480,0.90651180,0.45071040,0.43941690,0.95208310,0.41577720,0.42199430,0.96840840,0.44471240,0.41348150,0.95741180,0.46432040,0.45959220,0.95754180,0.42295850,0.44091660,0.97631540,0.45614840,0.43069460,0.96132560,0.47647930,0.47724090,0.95231870,0.43214550,0.45919380,0.96532440,0.46365580,0.44608810,0.95271830,0.48263390,0.50239310,0.90855520,0.41192240,0.49399500,0.94199890,0.44107380,0.47920950,0.94741330,0.46706160,0.46790870,0.93570260,0.47884140,0.42371220,0.91408780,0.47364690,0.40968550,0.94089440,0.47857400,0.42447070,0.94033030,0.48794930,0.43667600,0.93227410,0.49129300,0.45474100,0.91961770,0.48513230,10,0
0.49928480,0.88399790,0.37837430,0.49928480,0.88399790,0.37837430,0.49928480,0.88399790,0.37837430,0.47868380,0.89152030,0.39068100,0.45630490,0.89680520,0.39937130,0.43220380,0.89744200,0.42065310,0.41992210,0.90641630,0.45041630,0.43906590,0.95177170,0.41567010,0.42172340,0.96812360,0.44463850,0.41341740,0.95666010,0.46406700,0.45921580,0.95730950,0.42286210,0.44051260,0.97616180,0.45599190,0.43033890,0.96111360,0.47630400,0.47686210,0.95216760,0.43209940,0.45876400,0.96521110,0.46356480,0.44573330,0.95231390,0.48239850,0.50215520,0.90838380,0.41209700,0.49362680,0.94192570,0.44109740,0.47874180,0.94785850,0.46691470,0.46741620,0.93617130,0.47869410,0.42323970,0.91419230,0.47325490,0.40995400,0.93966020,0.47782950,0.42421590,0.94002920,0.48766420,0.43659610,0.93157100,0.49063090,0.45434430,0.91995620,0.48484870,10,0
0.49917480,0.88369800,0.37866070,0.49917480,0.88369800,0.37866070,0.49917480,0.88369800,0.37866070,0.47853880,0.89121670,0.39091090,0.45615380,0.89647660,0.39960080,0.43201040,0.89734920,0.42082620,0.41982940,0.90662730,0.45053760,0.43873460,0.95146600,0.41560750,0.42127480,0.96783550,0.44449530,0.41293130,0.95653920,0.46400540,0.45886100,0.95708430,0.42280290,0.44000160,0.97564740,0.45600720,0.43003720,0.96011070,0.47605360,0.47650850,0.95202470,0.43208320,0.45830080,0.96481800,0.46358810,0.44542750,0.95135800,0.48213400,0.50193940,0.90822630,0.41228890,0.49328770,0.94186210,0.44114360,0.47835490,0.94814130,0.46685110,0.46703370,0.93634380,0.47852420,0.42374730,0.91468360,0.47318310,0.40940870,0.93973040,0.47798590,0.42424740,0.93868540,0.48694100,0.43662890,0.93027930,0.48986730,0.45415070,0.91981130,0.48421540,10,0
0.49935380,0.88337490,0.37857300,0.49935380,0.88337490,0.37857300,0.49935380,0.88337490,0.37857300,0.47867880,0.89091130,0.39074630,0.45628200,0.89619980,0.39938790,0.43202730,0.89727630,0.42047670,0.41987510,0.90671050,0.45015070,0.43890060,0.95119200,0.41540810,0.42132340,0.96747950,0.44427100,0.41285280,0.95618340,0.46372650,0.45900640,0.95674560,0.42271030,0.43997990,0.97492380,0.45603210,0.43007570,0.95886270,0.47569110,0.47659900,0.95162210,0.43205940,0.45824240,0.96407330,0.46361490,0.44539910,0.95003620,0.48174920,0.50201970,0.90781350,0.41227430,0.49331270,0.94139810,0.44117200,0.47826690,0.94793400,0.46674940,0.46685480,0.93601910,0.47821300,0.42433730,0.91486170,0.47266120,0.40919090,0.93941340,0.47771780,0.42446700,0.93709150,0.48597010,0.43680940,0.92864390,0.48882850,0.45406830,0.91922530,0.48332750,10,0
0.49951700,0.88306510,0.37852860,0.49951700,0.88306510,0.37852860,0.49951700,0.88306510,0.37852860,0.47880630,0.89061550,0.39063230,0.45639790,0.89592590,0.39923050,0.43204280,0.89719860,0.42019220,0.41992100,0.90678880,0.44982870,0.43903700,0.95092030,0.41524930,0.42136040,0.96713360,0.44409330,0.41279770,0.95579690,0.46348480,0.45912300,0.95642330,0.42264410,0.43994250,0.97424020,0.45607270,0.43011520,0.95768880,0.47536010,0.47666810,0.95124970,0.43205480,0.45817400,0.96337950,0.46365510,0.44538000,0.94879600,0.48138870,0.50208990,0.90743350,0.41228800,0.49332590,0.94097760,0.44121540,0.47817370,0.94778110,0.46665980,0.46668520,0.93575700,0.47793140,0.42492840,0.91503170,0.47219060,0.40904190,0.93902370,0.47744730,0.42470090,0.93560240,0.48505430,0.43701820,0.92711410,0.48783130,0.45401690,0.91871940,0.48250470,10,0
0.49966760,0.88276600,0.37851830,0.49966760,0.88276600,0.37851830,0.49966760,0.88276600,0.37851830,0.47892360,0.89032730,0.39055810,0.45649020,0.89565660,0.39907910,0.43195180,0.89733630,0.41979690,0.41917320,0.90715490,0.44908050,0.43915020,0.95065080,0.41512260,0.42143060,0.96677860,0.44398810,0.41292590,0.95504760,0.46316940,0.45921690,0.95611390,0.42259880,0.43965500,0.97340700,0.45608140,0.43004550,0.95609510,0.47480270,0.47672030,0.95090110,0.43206540,0.45797680,0.96242610,0.46374500,0.44539450,0.94684620,0.48076850,0.50215190,0.90707910,0.41232410,0.49333020,0.94059150,0.44127070,0.47791280,0.94731690,0.46657620,0.46642210,0.93487830,0.47738640,0.42320530,0.91540040,0.47163770,0.40930550,0.93793640,0.47675230,0.42508970,0.93353180,0.48360250,0.43758500,0.92465990,0.48608920,0.45408400,0.91737780,0.48101790,10,0
0.50000290,0.88249030,0.37857390,0.50000290,0.88249030,0.37857390,0.50000290,0.88249030,0.37857390,0.47928060,0.89003930,0.39065870,0.45686130,0.89537110,0.39921520,0.43224440,0.89740350,0.41980790,0.41903250,0.90740250,0.44883720,0.43961550,0.95033370,0.41546870,0.42198460,0.96632120,0.44446630,0.41361690,0.95418730,0.46345630,0.45969670,0.95574220,0.42294560,0.43993140,0.97246530,0.45659780,0.43062770,0.95441660,0.47476990,0.47720110,0.95047160,0.43237810,0.45836580,0.96135910,0.46422830,0.44608180,0.94483450,0.48056490,0.50255240,0.90668230,0.41246170,0.49380450,0.94010650,0.44153260,0.47825220,0.94674220,0.46677910,0.46681600,0.93391280,0.47718240,0.42244510,0.91564250,0.47149840,0.41018090,0.93674140,0.47665580,0.42615950,0.93142650,0.48268100,0.43883880,0.92222400,0.48478840,0.45483620,0.91600890,0.47994250,10,0
0.50031460,0.88221860,0.37864830,0.50031460,0.88221860,0.37864830,0.50031460,0.88221860,0.37864830,0.47961040,0.88975490,0.39077200,0.45720280,0.89508690,0.39935890,0.43251500,0.89745410,0.41983060,0.41890470,0.90763650,0.44861090,0.44003420,0.95001980,0.41579460,0.42248430,0.96587640,0.44491300,0.41424630,0.95337200,0.46371840,0.46012740,0.95538280,0.42327200,0.44016700,0.97156720,0.45707210,0.43116830,0.95284870,0.47471240,0.47763320,0.95006360,0.43267490,0.45871190,0.96035500,0.46467200,0.44672700,0.94298180,0.48033660,0.50291840,0.90630540,0.41260680,0.49423180,0.93965180,0.44178510,0.47855090,0.94622870,0.46696740,0.46717580,0.93304850,0.47699250,0.42182140,0.91589900,0.47133310,0.41098490,0.93562300,0.47655320,0.42717590,0.92949810,0.48177710,0.44003160,0.92003450,0.48351870,0.45556120,0.91480020,0.47893700,10,0
0.50060830,0.88194990,0.37873710,0.50060830,0.88194990,0.37873710,0.50060830,0.88194990,0.37873710,0.47991950,0.88947340,0.39089500,0.45751740,0.89480450,0.39949700,0.43280570,0.89725970,0.41992940,0.41886210,0.90742530,0.44855570,0.44041700,0.94970880,0.41610450,0.42305340,0.96534240,0.44545420,0.41522820,0.95179860,0.46370790,0.46052030,0.95503300,0.42358240,0.44033000,0.97042000,0.45761750,0.43188050,0.95064120,0.47434870,0.47802750,0.94967250,0.43295910,0.45888360,0.95901410,0.46511480,0.44767260,0.93983230,0.47915830,0.50325790,0.90594400,0.41275770,0.49462250,0.93922100,0.44203030,0.47883020,0.94539270,0.46724550,0.46770680,0.93122100,0.47613630,0.42160110,0.91567270,0.47130550,0.41255820,0.93319580,0.47542150,0.42870010,0.92677770,0.47996320,0.44244330,0.91629990,0.47979860,0.45702560,0.91231190,0.47594680,10,0
0.50141750,0.88173300,0.37875150,0.50141750,0.88173300,0.37875150,0.50141750,0.88173300,0.37875150,0.48071690,0.88927600,0.39087710,0.45830160,0.89462370,0.39943430,0.43352510,0.89724560,0.41976730,0.41919850,0.90751230,0.44816740,0.44120120,0.94955100,0.41597110,0.42394910,0.96507080,0.44544670,0.41646770,0.95070330,0.46320820,0.46129750,0.95487890,0.42346540,0.44082650,0.96963160,0.45761360,0.43289130,0.94899310,0.47353900,0.47879270,0.94952510,0.43286820,0.45939400,0.95809630,0.46508570,0.44893680,0.93752180,0.47766270,0.50403480,0.90576650,0.41274670,0.49537480,0.93908010,0.44197030,0.47942310,0.94498350,0.46714940,0.46855950,0.93004620,0.47505330,0.42171690,0.91584060,0.47091320,0.41430900,0.93145570,0.47394440,0.43047930,0.92477860,0.47789160,0.44506290,0.91376930,0.47613160,0.45880100,0.91074870,0.47303880,10,0
0.50217060,0.88151360,0.37878230,0.50217060,0.88151360,0.37878230,0.50217060,0.88151360,0.37878230,0.48145880,0.88907310,0.39087860,0.45903100,0.89443460,0.39939420,0.43419030,0.89723120,0.41962530,0.41948570,0.90760640,0.44779190,0.44192770,0.94938160,0.41586730,0.42478210,0.96478810,0.44546430,0.41762590,0.94967810,0.46273690,0.46201710,0.95471420,0.42337650,0.44128130,0.96884670,0.45762700,0.43386860,0.94743020,0.47275720,0.47950180,0.94936750,0.43280290,0.45987220,0.95719430,0.46507010,0.45019160,0.93544840,0.47621660,0.50475700,0.90558310,0.41275440,0.49607270,0.93892950,0.44193330,0.47995940,0.94457210,0.46706930,0.46938340,0.92897430,0.47403130,0.42178500,0.91601900,0.47052990,0.41594480,0.92988610,0.47252710,0.43221190,0.92296550,0.47589270,0.44761640,0.91173430,0.47267520,0.46056680,0.90947560,0.47032290,10,0
0.50288010,0.88129200,0.37882590,0.50288010,0.88129200,0.37882590,0.50288010,0.88129200,0.37882590,0.48215760,0.88886570,0.39089490,0.45975070,0.89423320,0.39946130,0.43494980,0.89710800,0.41973040,0.41976700,0.90747200,0.44764630,0.44260910,0.94920310,0.41578620,0.42516420,0.96462580,0.44519930,0.41829930,0.94888080,0.46201700,0.46269200,0.95454100,0.42330930,0.44168070,0.96836320,0.45751850,0.43439690,0.94680940,0.47251560,0.48016710,0.94920180,0.43275760,0.46047840,0.95690070,0.46501950,0.45107990,0.93476610,0.47562950,0.50543680,0.90539490,0.41277650,0.49672820,0.93877110,0.44191410,0.48061690,0.94415990,0.46710700,0.47023860,0.92814050,0.47337420,0.42152010,0.91591350,0.47042210,0.41722350,0.92861560,0.47088040,0.43298470,0.92230410,0.47544830,0.44910680,0.91115630,0.47113350,0.46202750,0.90864530,0.46845470,10,0
0.50347890,0.88072560,0.37848960,0.50347890,0.88072560,0.37848960,0.50347890,0.88072560,0.37848960,0.48272620,0.88831200,0.39049850,0.46032360,0.89368520,0.39907300,0.43551980,0.89665300,0.41932510,0.41983730,0.90702040,0.44696200,0.44312030,0.94867520,0.41523560,0.42537330,0.96409830,0.44446710,0.41877650,0.94777120,0.46083100,0.46318420,0.95401730,0.42280610,0.44185100,0.96749380,0.45695390,0.43473760,0.94571450,0.47170490,0.48063420,0.94868420,0.43230420,0.46081950,0.95617310,0.46453840,0.45176520,0.93358210,0.47446380,0.50595050,0.90485730,0.41242610,0.49717040,0.93825950,0.44151250,0.48099750,0.94340680,0.46671630,0.47082680,0.92698980,0.47225260,0.42106100,0.91549680,0.46975960,0.41826850,0.92711830,0.46880570,0.43364240,0.92115410,0.47429080,0.45047940,0.91015150,0.46890650,0.46327540,0.90757510,0.46611010,10,0
0.50405320,0.88019090,0.37819620,0.50405320,0.88019090,0.37819620,0.50405320,0.88019090,0.37819620,0.48327260,0.88778850,0.39014970,0.46087450,0.89316620,0.39873280,0.43606540,0.89623640,0.41896310,0.41990760,0.90661730,0.44631980,0.44361250,0.94817440,0.41474400,0.42559780,0.96358760,0.44381650,0.41928210,0.94671440,0.45973110,0.46365880,0.95352120,0.42235770,0.44201850,0.96662920,0.45645580,0.43512330,0.94457880,0.47090450,0.48108570,0.94819460,0.43190150,0.46114380,0.95542380,0.46411650,0.45249200,0.93235770,0.47327870,0.50644600,0.90434990,0.41211900,0.49759930,0.93777610,0.44115750,0.48135680,0.94269060,0.46636300,0.47141610,0.92590330,0.47115690,0.42064100,0.91513320,0.46912370,0.41933510,0.92574130,0.46683910,0.43439500,0.91996350,0.47306380,0.45193940,0.90918830,0.46661490,0.46456220,0.90664970,0.46380780,10,0
0.50459900,0.87968920,0.37793900,0.50459900,0.87968920,0.37793900,0.50459900,0.87968920,0.37793900,0.48379270,0.88729660,0.38984160,0.46137590,0.89268170,0.39837100,0.43645130,0.89611720,0.41839960,0.42021450,0.90684240,0.44557620,0.44408160,0.94770260,0.41430400,0.42616810,0.96352480,0.44321890,0.41984970,0.94656430,0.45903940,0.46411150,0.95305440,0.42195720,0.44241820,0.96663300,0.45583670,0.43535850,0.94476610,0.47048350,0.48151750,0.94773430,0.43154290,0.46156370,0.95526790,0.46368060,0.45293050,0.93214910,0.47272670,0.50691900,0.90387370,0.41184860,0.49801050,0.93732230,0.44084250,0.48181380,0.94236090,0.46605310,0.47193710,0.92544860,0.47052940,0.42101180,0.91553350,0.46831170,0.42000860,0.92547580,0.46579600,0.43454180,0.92016690,0.47278820,0.45268120,0.90911850,0.46558080,0.46550610,0.90634700,0.46243900,10,0
0.50478100,0.87974770,0.37804930,0.50478100,0.87974770,0.37804930,0.50478100,0.87974770,0.37804930,0.48397180,0.88728620,0.38999050,0.46155380,0.89261930,0.39854950,0.43656730,0.89626470,0.41846360,0.42026220,0.90713180,0.44554260,0.44423960,0.94755100,0.41476490,0.42646270,0.96354680,0.44366860,0.42022760,0.94632980,0.45924310,0.46426740,0.95286970,0.42244650,0.44256030,0.96655820,0.45627290,0.43545820,0.94468280,0.47088650,0.48167480,0.94750570,0.43200510,0.46175510,0.95502330,0.46416770,0.45327060,0.93169400,0.47280510,0.50709180,0.90375660,0.41208420,0.49817110,0.93705110,0.44125110,0.48205400,0.94202350,0.46652580,0.47229330,0.92492460,0.47052220,0.42110990,0.91584720,0.46826700,0.42057290,0.92507050,0.46543330,0.43466200,0.92007010,0.47305010,0.45342590,0.90891590,0.46488920,0.46634310,0.90607600,0.46152190,10,0
0.50498410,0.87977100,0.37814890,0.50498410,0.87977100,0.37814890,0.50498410,0.87977100,0.37814890,0.48417090,0.88724730,0.39012210,0.46175180,0.89253310,0.39870760,0.43671020,0.89638110,0.41851400,0.42030750,0.90738250,0.44547970,0.44441600,0.94738370,0.41517040,0.42675910,0.96354330,0.44405660,0.42062900,0.94604510,0.45935700,0.46444110,0.95267320,0.42287930,0.44269850,0.96640290,0.45666620,0.43560090,0.94446690,0.47119090,0.48184900,0.94727060,0.43241520,0.46194760,0.95471870,0.46460530,0.45366930,0.93113830,0.47274630,0.50728270,0.90362240,0.41229500,0.49834740,0.93677850,0.44161480,0.48229570,0.94167650,0.46694560,0.47267320,0.92438670,0.47042160,0.42116650,0.91612470,0.46819340,0.42119020,0.92462380,0.46494370,0.43488100,0.91983440,0.47314480,0.45428620,0.90867370,0.46400020,0.46724460,0.90584740,0.46049660,10,0
0.50519040,0.87977180,0.37823690,0.50519040,0.87977180,0.37823690,0.50519040,0.87977180,0.37823690,0.48437270,0.88719300,0.39023670,0.46195100,0.89243710,0.39884100,0.43688020,0.89634340,0.41859890,0.42048910,0.90736910,0.44556170,0.44459520,0.94721520,0.41552220,0.42705060,0.96342320,0.44444960,0.42090590,0.94586300,0.45967290,0.46461730,0.95247920,0.42325620,0.44285190,0.96622890,0.45702020,0.43559890,0.94444820,0.47170110,0.48202510,0.94704300,0.43277330,0.46208820,0.95469500,0.46489350,0.45372070,0.93118520,0.47314710,0.50747550,0.90348470,0.41248030,0.49852500,0.93651850,0.44193320,0.48260280,0.94168380,0.46729250,0.47291300,0.92443780,0.47079870,0.42142950,0.91608480,0.46828230,0.42146310,0.92439440,0.46507530,0.43473290,0.91983530,0.47383540,0.45445960,0.90878520,0.46424620,0.46762280,0.90601500,0.46058600,10,0
0.50528120,0.87977190,0.37884520,0.50528120,0.87977190,0.37884520,0.50528120,0.87977190,0.37884520,0.48443110,0.88714360,0.39081910,0.46198750,0.89234250,0.39939340,0.43684870,0.89633830,0.41904690,0.42038120,0.90743630,0.44593340,0.44453040,0.94706610,0.41614670,0.42702530,0.96336590,0.44504650,0.42090060,0.94569520,0.46014950,0.46453090,0.95233930,0.42393020,0.44265890,0.96612440,0.45761080,0.43529750,0.94445590,0.47240330,0.48192690,0.94690560,0.43347020,0.46188770,0.95473520,0.46548380,0.45353480,0.93120970,0.47370710,0.50747050,0.90341930,0.41314000,0.49842190,0.93638320,0.44264120,0.48257200,0.94181530,0.46799010,0.47287350,0.92455830,0.47141780,0.42132620,0.91617830,0.46864370,0.42153220,0.92416520,0.46529330,0.43437130,0.91985610,0.47465980,0.45454550,0.90893620,0.46452020,0.46785700,0.90628490,0.46080650,10,0
0.50539540,0.87975250,0.37939910,0.50539540,0.87975250,0.37939910,0.50539540,0.87975250,0.37939910,0.48451520,0.88707760,0.39134910,0.46210820,0.89222310,0.40005060,0.43702970,0.89637700,0.41974820,0.42046630,0.90758870,0.44652840,0.44450010,0.94690630,0.41671830,0.42673220,0.96296350,0.44559350,0.42069270,0.94514190,0.46055290,0.46448040,0.95218740,0.42454820,0.44246220,0.96558280,0.45829070,0.43522930,0.94371820,0.47285630,0.48186520,0.94675520,0.43410960,0.46172310,0.95436720,0.46611110,0.45356480,0.93065000,0.47397120,0.50749530,0.90333680,0.41374300,0.49835540,0.93623390,0.44329050,0.48248640,0.94168000,0.46862450,0.47281800,0.92438280,0.47193240,0.42128420,0.91639710,0.46921800,0.42150970,0.92357680,0.46552040,0.43449260,0.91908770,0.47483020,0.45496350,0.90862470,0.46425190,0.46804130,0.90623500,0.46099980,10,0
0.50502240,0.87954660,0.37992900,0.50502240,0.87954660,0.37992900,0.50502240,0.87954660,0.37992900,0.48412300,0.88690660,0.39182380,0.46175750,0.89206440,0.40062420,0.43674510,0.89649430,0.42034580,0.42010460,0.90797230,0.44696490,0.44404910,0.94681090,0.41692000,0.42606570,0.96281880,0.44568900,0.42012330,0.94490680,0.46057910,0.46401650,0.95212880,0.42475770,0.44188020,0.96536480,0.45848590,0.43476350,0.94339940,0.47295680,0.48139050,0.94673880,0.43436240,0.46116910,0.95433370,0.46631800,0.45320090,0.93047390,0.47393780,0.50706600,0.90325700,0.41418940,0.49787260,0.93625800,0.44360410,0.48199740,0.94185790,0.46890070,0.47236870,0.92452500,0.47213640,0.42081980,0.91696940,0.46958380,0.42113450,0.92332430,0.46543440,0.43419830,0.91875350,0.47478920,0.45497340,0.90866450,0.46380190,0.46785790,0.90647720,0.46092870,10,0
0.50470430,0.87934230,0.38042350,0.50470430,0.87934230,0.38042350,0.50470430,0.87934230,0.38042350,0.48378630,0.88673220,0.39226700,0.46146270,0.89189980,0.40116760,0.43651590,0.89660160,0.42090930,0.41979450,0.90833680,0.44736510,0.44365510,0.94670090,0.41711690,0.42546630,0.96265580,0.44578600,0.41963960,0.94462320,0.46057600,0.46361010,0.95205220,0.42496360,0.44135620,0.96512210,0.45867910,0.43435980,0.94304920,0.47304470,0.48097370,0.94670030,0.43460850,0.46067530,0.95426460,0.46652250,0.45291510,0.93025000,0.47386570,0.50669320,0.90316410,0.41460980,0.49744780,0.93625620,0.44390560,0.48156690,0.94199250,0.46916790,0.47199460,0.92460610,0.47228220,0.42040850,0.91751590,0.46991370,0.42086950,0.92301510,0.46526370,0.43397320,0.91838850,0.47471750,0.45508430,0.90869520,0.46327250,0.46779500,0.90669730,0.46073590,10,0
0.50442940,0.87913920,0.38089030,0.50442940,0.87913920,0.38089030,0.50442940,0.87913920,0.38089030,0.48349320,0.88655490,0.39268550,0.46116920,0.89173730,0.40157620,0.43621610,0.89654180,0.42128520,0.41947300,0.90839720,0.44767360,0.44330620,0.94657920,0.41730970,0.42499990,0.96231500,0.44602510,0.41944610,0.94392160,0.46047180,0.46324900,0.95196140,0.42516640,0.44089460,0.96482930,0.45889320,0.43408620,0.94256060,0.47304530,0.48060230,0.94664460,0.43484900,0.46020710,0.95389600,0.46677390,0.45298300,0.92947520,0.47327660,0.50636490,0.90306090,0.41500970,0.49706870,0.93623420,0.44419750,0.48108780,0.94171380,0.46945380,0.47169580,0.92416180,0.47216150,0.42021590,0.91768310,0.47017450,0.42101690,0.92223800,0.46468520,0.43395650,0.91787740,0.47439790,0.45590900,0.90853730,0.46167610,0.46798730,0.90654660,0.46001100,10,0
0.50408530,0.87870500,0.38100120,0.50408530,0.87870500,0.38100120,0.50408530,0.87870500,0.38100120,0.48312200,0.88613360,0.39274000,0.46079470,0.89130440,0.40162920,0.43584180,0.89624040,0.42130600,0.41905560,0.90828280,0.44758200,0.44274860,0.94619400,0.41696810,0.42430400,0.96174790,0.44569420,0.41910210,0.94302200,0.45984160,0.46267180,0.95168360,0.42479990,0.44020800,0.96439080,0.45851490,0.43366790,0.94195080,0.47252230,0.48003600,0.94647850,0.43452360,0.45955370,0.95346500,0.46645180,0.45295240,0.92867810,0.47218560,0.50593500,0.90284630,0.41497040,0.49652820,0.93617510,0.44394490,0.48045410,0.94142910,0.46918990,0.47131080,0.92369200,0.47151490,0.41990970,0.91776420,0.46999730,0.42109670,0.92129230,0.46361490,0.43387370,0.91725550,0.47361900,0.45668070,0.90841730,0.45965030,0.46818240,0.90638810,0.45876860,10,0
0.50377670,0.87829090,0.38112230,0.50377670,0.87829090,0.38112230,0.50377670,0.87829090,0.38112230,0.48278740,0.88573050,0.39280750,0.46045820,0.89089040,0.40169850,0.43550540,0.89596050,0.42134120,0.41867060,0.90818430,0.44750210,0.44223990,0.94582050,0.41666870,0.42366240,0.96119160,0.44540750,0.41880010,0.94215870,0.45926300,0.46214420,0.95140890,0.42447870,0.43957500,0.96395360,0.45818420,0.43329190,0.94135140,0.47204780,0.47951730,0.94630660,0.43424110,0.45895440,0.95303820,0.46617220,0.45294130,0.92794780,0.47118740,0.50554370,0.90263240,0.41495280,0.49603230,0.93610220,0.44372980,0.47986920,0.94112940,0.46896430,0.47097070,0.92322290,0.47090980,0.41962050,0.91785110,0.46983420,0.42120100,0.92039980,0.46260720,0.43381810,0.91665100,0.47289310,0.45739680,0.90838510,0.45780890,0.46840440,0.90625880,0.45759380,10,0
0.50349580,0.87789230,0.38125180,0.50349580,0.87789230,0.38125180,0.50349580,0.87789230,0.38125180,0.48248130,0.88534150,0.39288560,0.46013390,0.89049260,0.40173570,0.43516020,0.89558350,0.42134640,0.41826870,0.90788280,0.44743540,0.44176940,0.94545600,0.41640250,0.42299100,0.96038880,0.44524160,0.41852040,0.94102040,0.45876000,0.46165520,0.95113630,0.42419320,0.43889980,0.96349100,0.45784360,0.43271930,0.94092410,0.47181050,0.47903560,0.94613020,0.43399220,0.45828720,0.95288670,0.46579780,0.45238260,0.92781530,0.47103260,0.50518270,0.90241900,0.41495230,0.49557100,0.93601840,0.44354450,0.47928450,0.94101900,0.46870480,0.47054290,0.92302650,0.47056710,0.41921330,0.91766650,0.46971680,0.42138630,0.91925000,0.46162950,0.43338910,0.91623260,0.47280330,0.45709310,0.90827280,0.45771210,0.46844090,0.90623770,0.45695090,10,0
0.50359860,0.87765470,0.38205590,0.50359860,0.87765470,0.38205590,0.50359860,0.87765470,0.38205590,0.48260810,0.88511200,0.39372760,0.46028060,0.89026470,0.40262680,0.43535640,0.89537110,0.42229630,0.41850690,0.90770140,0.44839780,0.44191260,0.94524430,0.41722770,0.42306130,0.95969610,0.44626360,0.41899020,0.93997520,0.45939290,0.46181390,0.95095400,0.42495730,0.43900740,0.96305250,0.45866610,0.43294720,0.94046630,0.47265430,0.47922240,0.94597950,0.43472250,0.45840640,0.95267090,0.46649770,0.45265330,0.92756920,0.47175570,0.50535260,0.90224920,0.41570350,0.49578880,0.93589830,0.44425330,0.47947020,0.94081040,0.46941020,0.47087140,0.92273450,0.47112350,0.41953250,0.91753240,0.47065480,0.42228340,0.91819950,0.46171020,0.43373680,0.91577930,0.47367040,0.45761120,0.90818330,0.45829690,0.46917130,0.90620200,0.45714250,10,0
0.50368830,0.87741420,0.38280880,0.50368830,0.87741420,0.38280880,0.50368830,0.87741420,0.38280880,0.48271800,0.88487920,0.39451190,0.46040860,0.89003280,0.40345610,0.43552870,0.89516430,0.42317520,0.41871050,0.90753410,0.44927820,0.44202890,0.94502790,0.41798120,0.42310540,0.95901050,0.44719920,0.41943290,0.93895520,0.45993360,0.46194290,0.95076800,0.42565540,0.43908170,0.96261340,0.45941700,0.43314890,0.93999620,0.47340970,0.47937660,0.94582620,0.43539210,0.45848930,0.95243950,0.46713680,0.45292850,0.92728390,0.47234420,0.50549790,0.90207750,0.41640310,0.49597170,0.93577660,0.44490640,0.47961680,0.94059560,0.47005780,0.47116890,0.92243340,0.47160050,0.41981070,0.91741760,0.47150830,0.42314790,0.91719570,0.46170020,0.43407070,0.91531380,0.47442480,0.45817470,0.90811600,0.45868400,0.46988080,0.90618380,0.45724870,10,0
0.50376730,0.87717160,0.38352100,0.50376730,0.87717160,0.38352100,0.50376730,0.87717160,0.38352100,0.48281420,0.88464390,0.39525030,0.46054810,0.88979560,0.40430280,0.43579230,0.89482450,0.42420360,0.41931370,0.90716620,0.45053540,0.44212400,0.94480790,0.41867790,0.42296810,0.95846050,0.44790070,0.41967810,0.93814950,0.46033080,0.46204850,0.95057920,0.42630130,0.43903530,0.96204120,0.46009200,0.43341140,0.93922010,0.47387980,0.47950520,0.94567080,0.43601360,0.45849070,0.95202850,0.46772650,0.45321590,0.92678100,0.47278470,0.50562360,0.90190430,0.41706170,0.49612690,0.93565350,0.44551550,0.47969910,0.94033980,0.47064440,0.47135980,0.92212440,0.47214990,0.42077690,0.91706000,0.47274010,0.42392170,0.91644830,0.46153370,0.43467510,0.91454450,0.47466590,0.45879980,0.90786110,0.45891430,0.47032620,0.90599630,0.45764140,10,0
0.50403800,0.87703050,0.38431490,0.50403800,0.87703050,0.38431490,0.50403800,0.87703050,0.38431490,0.48307360,0.88457420,0.39597820,0.46082680,0.88978360,0.40504490,0.43612920,0.89482310,0.42501530,0.41988980,0.90724900,0.45145600,0.44239400,0.94487970,0.41905810,0.42294540,0.95830820,0.44819120,0.41997240,0.93779060,0.46035900,0.46231190,0.95067320,0.42668210,0.43906510,0.96189610,0.46039300,0.43365800,0.93893710,0.47403790,0.47975120,0.94579890,0.43644280,0.45852290,0.95203270,0.46803780,0.45348910,0.92671340,0.47298090,0.50586460,0.90192290,0.41773890,0.49635200,0.93581550,0.44601650,0.47977870,0.94046460,0.47105650,0.47152890,0.92220450,0.47251370,0.42162660,0.91722070,0.47360590,0.42469510,0.91616740,0.46108780,0.43520790,0.91427370,0.47468410,0.45943750,0.90802660,0.45894690,0.47080830,0.90620030,0.45784970,10,0
0.50428620,0.87687770,0.38507880,0.50428620,0.87687770,0.38507880,0.50428620,0.87687770,0.38507880,0.48331120,0.88448660,0.39668040,0.46108310,0.88974860,0.40576270,0.43644200,0.89480370,0.42579880,0.42042340,0.90731450,0.45233390,0.44263630,0.94492030,0.41943090,0.42290970,0.95811040,0.44848590,0.42026900,0.93739050,0.46038470,0.46254770,0.95073770,0.42705360,0.43908120,0.96171830,0.46069200,0.43389220,0.93862940,0.47420160,0.47997170,0.94589860,0.43685890,0.45854140,0.95200430,0.46834230,0.45376140,0.92661100,0.47315630,0.50608410,0.90192240,0.41839040,0.49655460,0.93594990,0.44649960,0.47984260,0.94055340,0.47145580,0.47169460,0.92224230,0.47284290,0.42241650,0.91736420,0.47442700,0.42546940,0.91586640,0.46064290,0.43572390,0.91398220,0.47471330,0.46007960,0.90818430,0.45894110,0.47130780,0.90639260,0.45799960,10,0
0.50451640,0.87671560,0.38581860,0.50451640,0.87671560,0.38581860,0.50451640,0.87671560,0.38581860,0.48353120,0.88438490,0.39736200,0.46131690,0.88969570,0.40644960,0.43673850,0.89467500,0.42658150,0.42092700,0.90718460,0.45324110,0.44285630,0.94493630,0.41979720,0.42298730,0.95810540,0.44876460,0.42048370,0.93733140,0.46059840,0.46276140,0.95077870,0.42741730,0.43905590,0.96149940,0.46097200,0.43436300,0.93803240,0.47400310,0.48017190,0.94597560,0.43726430,0.45847450,0.95200740,0.46857860,0.45398330,0.92654580,0.47330960,0.50628660,0.90190680,0.41902100,0.49673920,0.93606260,0.44696830,0.47991270,0.94056010,0.47186670,0.47183970,0.92221260,0.47321200,0.42314850,0.91727380,0.47529440,0.42589870,0.91585900,0.46069910,0.43687120,0.91344110,0.47372170,0.46073200,0.90837910,0.45895830,0.47171620,0.90650020,0.45821910,10,0
0.50464980,0.87640700,0.38632420,0.50464980,0.87640700,0.38632420,0.50464980,0.87640700,0.38632420,0.48365170,0.88410980,0.39782170,0.46144980,0.88944160,0.40692730,0.43693770,0.89433010,0.42716200,0.42132620,0.90683240,0.45394260,0.44291400,0.94472600,0.41996640,0.42289850,0.95782180,0.44886600,0.42059460,0.93696990,0.46060310,0.46280980,0.95061830,0.42757200,0.43888410,0.96105460,0.46105990,0.43470330,0.93725530,0.47365540,0.48021860,0.94587310,0.43745000,0.45827920,0.95179740,0.46861580,0.45411380,0.92626470,0.47326080,0.50638010,0.90174590,0.41941620,0.49678850,0.93601660,0.44720710,0.47985810,0.94039220,0.47205680,0.47189260,0.92199400,0.47334950,0.42377000,0.91697040,0.47594990,0.42628010,0.91556750,0.46049950,0.43787230,0.91275920,0.47265650,0.46129680,0.90838250,0.45876380,0.47206120,0.90644030,0.45819250,10,0
0.50477900,0.87610460,0.38683320,0.50477900,0.87610460,0.38683320,0.50477900,0.87610460,0.38683320,0.48376850,0.88383990,0.39828590,0.46157930,0.88919260,0.40741040,0.43713340,0.89399950,0.42774450,0.42172250,0.90650270,0.45464070,0.44297030,0.94451810,0.42014770,0.42280720,0.95752010,0.44898700,0.42072260,0.93657860,0.46060510,0.46285720,0.95045890,0.42773880,0.43872280,0.96061090,0.46116440,0.43504040,0.93651810,0.47335070,0.48026440,0.94577010,0.43764660,0.45809490,0.95157930,0.46867100,0.45425720,0.92597890,0.47322460,0.50647090,0.90158670,0.41981700,0.49683670,0.93596890,0.44745510,0.47980490,0.94022380,0.47225640,0.47195200,0.92177300,0.47348610,0.42438830,0.91669180,0.47659850,0.42669530,0.91525700,0.46026850,0.43883500,0.91214720,0.47168760,0.46186380,0.90839650,0.45857770,0.47242160,0.90639490,0.45815710,10,0
0.50490520,0.87580690,0.38734470,0.50490520,0.87580690,0.38734470,0.50490520,0.87580690,0.38734470,0.48388260,0.88357390,0.39875370,0.46170450,0.88894760,0.40789270,0.43730960,0.89373020,0.42829370,0.42211940,0.90629210,0.45528780,0.44302560,0.94431170,0.42033840,0.42276240,0.95729610,0.44911540,0.42081520,0.93632140,0.46069710,0.46290390,0.95030000,0.42791500,0.43867620,0.96049830,0.46125880,0.43523200,0.93629660,0.47329820,0.48030940,0.94566640,0.43785160,0.45804000,0.95146850,0.46880570,0.45433720,0.92585450,0.47339400,0.50655980,0.90142890,0.42022190,0.49688420,0.93591950,0.44771000,0.47977290,0.94041680,0.47241370,0.47189000,0.92199980,0.47392550,0.42500200,0.91654940,0.47718650,0.42696270,0.91505120,0.46026930,0.43939600,0.91201980,0.47120060,0.46215550,0.90842250,0.45867910,0.47250370,0.90652190,0.45870240,10,0
0.50518460,0.87592070,0.38720870,0.50518460,0.87592070,0.38720870,0.50518460,0.87592070,0.38720870,0.48411860,0.88360840,0.39859140,0.46192790,0.88890610,0.40774420,0.43754330,0.89348390,0.42820440,0.42250670,0.90589280,0.45535480,0.44307390,0.94419340,0.42024920,0.42263600,0.95691120,0.44902170,0.42086050,0.93580760,0.46039520,0.46292130,0.95020650,0.42788670,0.43851870,0.96014020,0.46118280,0.43535230,0.93573500,0.47288280,0.48031500,0.94558580,0.43784990,0.45787480,0.95111720,0.46873000,0.45436460,0.92544570,0.47314570,0.50670650,0.90145670,0.42015910,0.49689000,0.93585000,0.44771900,0.47964600,0.94035160,0.47232950,0.47177930,0.92193530,0.47393160,0.42555280,0.91607130,0.47726810,0.42724000,0.91461280,0.45970540,0.43993810,0.91159320,0.47019110,0.46246880,0.90830900,0.45823970,0.47261510,0.90650630,0.45866950,10,0
0.50544720,0.87600240,0.38712960,0.50544720,0.87600240,0.38712960,0.50544720,0.87600240,0.38712960,0.48434140,0.88362090,0.39848510,0.46214100,0.88885150,0.40765270,0.43777290,0.89323790,0.42817450,0.42289660,0.90550990,0.45547500,0.44312310,0.94407190,0.42018750,0.42251510,0.95652990,0.44895240,0.42092590,0.93529920,0.46011500,0.46294180,0.95011080,0.42787890,0.43836710,0.95977510,0.46112770,0.43549530,0.93517420,0.47248910,0.48032480,0.94550570,0.43786820,0.45771530,0.95077730,0.46867020,0.45441270,0.92504950,0.47291460,0.50684670,0.90147090,0.42013760,0.49690000,0.93578410,0.44775070,0.47952620,0.94028080,0.47227060,0.47168580,0.92185960,0.47394390,0.42611270,0.91562250,0.47739460,0.42754970,0.91419010,0.45915390,0.44050750,0.91118930,0.46921790,0.46281040,0.90822200,0.45782010,0.47275640,0.90649860,0.45862800,10,0
0.50569240,0.87605970,0.38709250,0.50569240,0.87605970,0.38709250,0.50569240,0.87605970,0.38709250,0.48455020,0.88361750,0.39842080,0.46234160,0.88878870,0.40760240,0.43799460,0.89299060,0.42818760,0.42334250,0.90514760,0.45566030,0.44317190,0.94395050,0.42014690,0.42245410,0.95642150,0.44882710,0.42077740,0.93526050,0.46010850,0.46296410,0.95001540,0.42788610,0.43825430,0.95989210,0.46097200,0.43510370,0.93550070,0.47270510,0.48033710,0.94542770,0.43790050,0.45763750,0.95058390,0.46865570,0.45432910,0.92486490,0.47294870,0.50697920,0.90147500,0.42014600,0.49691270,0.93572190,0.44779800,0.47947420,0.94026830,0.47226270,0.47147340,0.92195570,0.47432470,0.42681490,0.91520580,0.47756580,0.42736210,0.91413210,0.45931530,0.43994730,0.91143110,0.46982520,0.46286480,0.90818500,0.45776790,0.47231470,0.90624140,0.45935690,10,0
0.50621010,0.87596910,0.38689200,0.50621010,0.87596910,0.38689200,0.50621010,0.87596910,0.38689200,0.48503700,0.88348100,0.39819300,0.46282180,0.88862070,0.40737610,0.43847600,0.89261920,0.42800330,0.42403530,0.90457720,0.45567460,0.44365480,0.94372610,0.42015450,0.42281150,0.95610210,0.44878490,0.42101000,0.93492910,0.46002450,0.46342670,0.94971750,0.42800200,0.43855310,0.95965100,0.46094780,0.43512030,0.93536250,0.47281460,0.48075850,0.94504490,0.43804860,0.45792230,0.94999370,0.46873670,0.45455850,0.92426260,0.47291280,0.50741030,0.90117290,0.42011030,0.49728710,0.93525630,0.44794310,0.47975070,0.93977650,0.47234260,0.47156200,0.92157400,0.47462840,0.42775060,0.91446860,0.47761610,0.42753870,0.91378330,0.45923260,0.43981420,0.91124700,0.47007450,0.46323240,0.90780860,0.45756490,0.47222920,0.90566420,0.45985970,10,0
0.50669430,0.87587460,0.38673750,0.50669430,0.87587460,0.38673750,0.50669430,0.87587460,0.38673750,0.48549150,0.88334470,0.39801060,0.46327280,0.88845450,0.40720210,0.43893230,0.89228180,0.42786790,0.42460800,0.90405620,0.45567800,0.44409650,0.94350790,0.42017150,0.42310980,0.95573650,0.44876050,0.42123080,0.93453810,0.45993920,0.46384840,0.94943560,0.42811730,0.43881910,0.95917030,0.46100460,0.43535440,0.93481550,0.47272530,0.48114230,0.94468980,0.43819470,0.45816940,0.94969070,0.46877210,0.45444430,0.92406820,0.47329440,0.50780980,0.90089170,0.42009970,0.49762860,0.93482950,0.44808870,0.47999460,0.93919680,0.47244560,0.47167780,0.92106640,0.47484000,0.42845480,0.91380440,0.47766100,0.42773680,0.91338530,0.45914870,0.44008800,0.91072200,0.46986290,0.46297590,0.90728500,0.45822550,0.47222110,0.90505220,0.46017930,10,0
0.50705900,0.87554970,0.38736960,0.50705900,0.87554970,0.38736960,0.50705900,0.87554970,0.38736960,0.48589680,0.88298020,0.39874460,0.46373370,0.88805350,0.40808950,0.43954420,0.89173640,0.42895780,0.42552190,0.90339470,0.45697010,0.44455170,0.94306580,0.42120730,0.42360810,0.95519410,0.44987050,0.42178690,0.93399110,0.46105020,0.46433140,0.94898870,0.42908700,0.43936790,0.95857920,0.46206640,0.43601700,0.93417890,0.47372530,0.48166900,0.94423170,0.43908400,0.45876960,0.94931830,0.46970250,0.45481030,0.92380310,0.47461590,0.50829230,0.90049240,0.42078330,0.49820140,0.93436030,0.44888930,0.48063760,0.93862580,0.47331490,0.47224400,0.92056260,0.47593800,0.42964540,0.91307930,0.47893100,0.42831980,0.91284690,0.46025060,0.44083430,0.91011580,0.47074830,0.46315790,0.90673450,0.45976630,0.47260320,0.90441300,0.46142100,10,0
0.50740980,0.87524010,0.38797180,0.50740980,0.87524010,0.38797180,0.50740980,0.87524010,0.38797180,0.48628350,0.88263330,0.39943760,0.46417190,0.88767180,0.40892230,0.44012310,0.89121750,0.42997620,0.42638470,0.90276720,0.45817350,0.44497880,0.94264550,0.42216920,0.42406700,0.95467320,0.45089800,0.42230930,0.93346010,0.46206860,0.46478270,0.94856610,0.42998980,0.43987130,0.95801420,0.46304970,0.43663820,0.93356510,0.47463920,0.48215920,0.94380080,0.43991500,0.45931860,0.94895570,0.47056600,0.45516460,0.92353980,0.47582110,0.50874610,0.90011640,0.42143100,0.49873330,0.93392090,0.44964120,0.48122830,0.93809100,0.47412540,0.47276530,0.92009340,0.47696720,0.43076730,0.91239500,0.48010920,0.42888050,0.91232850,0.46124690,0.44155070,0.90953720,0.47153600,0.46336450,0.90623890,0.46115920,0.47296530,0.90382160,0.46258400,10,0
0.50774960,0.87494250,0.38855060,0.50774960,0.87494250,0.38855060,0.50774960,0.87494250,0.38855060,0.48665560,0.88230030,0.40009830,0.46460460,0.88730460,0.40974070,0.44068500,0.89084710,0.43094180,0.42723890,0.90241280,0.45927320,0.44538380,0.94224250,0.42307310,0.42446930,0.95402230,0.45190240,0.42291790,0.93270180,0.46289770,0.46520890,0.94816240,0.43084030,0.44022850,0.95708910,0.46399290,0.43733750,0.93247470,0.47532010,0.48262080,0.94339110,0.44070040,0.45981770,0.94827090,0.47142420,0.45568160,0.92286600,0.47674670,0.50917740,0.89975870,0.42205070,0.49923310,0.93350480,0.45035480,0.48180820,0.93740670,0.47494020,0.47332870,0.91942470,0.47783110,0.43190380,0.91203590,0.48115260,0.42967520,0.91163970,0.46183710,0.44263180,0.90858670,0.47179390,0.46387570,0.90556600,0.46208050,0.47339350,0.90314810,0.46345220,10,0
0.50754790,0.87465990,0.38869170,0.50754790,0.87465990,0.38869170,0.50754790,0.87465990,0.38869170,0.48644350,0.88204220,0.40020450,0.46441600,0.88706770,0.40988960,0.44053640,0.89069180,0.43112200,0.42727190,0.90236750,0.45949380,0.44517440,0.94203280,0.42305770,0.42414350,0.95368080,0.45185580,0.42271860,0.93229430,0.46273950,0.46499300,0.94795160,0.43084250,0.43981670,0.95650200,0.46394590,0.43718370,0.93176920,0.47507640,0.48239010,0.94318280,0.44072970,0.45949250,0.94792120,0.47140530,0.45531660,0.92255060,0.47685860,0.50894720,0.89951480,0.42216420,0.49898540,0.93329940,0.45041620,0.48153170,0.93703420,0.47500710,0.47300160,0.91908780,0.47796910,0.43213270,0.91204280,0.48130740,0.42963590,0.91129160,0.46154190,0.44283540,0.90801230,0.47123280,0.46355210,0.90519810,0.46227770,0.47298560,0.90276410,0.46364360,10,0
0.50738200,0.87438420,0.38885190,0.50738200,0.87438420,0.38885190,0.50738200,0.87438420,0.38885190,0.48626810,0.88178710,0.40033410,0.46426360,0.88683040,0.41006220,0.44042500,0.89052430,0.43132840,0.42733790,0.90229810,0.45974210,0.44499880,0.94181840,0.42307960,0.42385890,0.95333850,0.45184940,0.42255630,0.93189160,0.46262900,0.46481130,0.94773730,0.43087960,0.43945720,0.95593120,0.46393760,0.43707440,0.93109010,0.47488180,0.48219580,0.94297190,0.44079070,0.45921010,0.94757800,0.47142050,0.45499120,0.92224370,0.47700830,0.50875510,0.89927360,0.42229980,0.49877650,0.93309190,0.45050560,0.48129490,0.93666660,0.47510050,0.47271840,0.91875420,0.47813370,0.43238810,0.91201970,0.48149200,0.42962620,0.91094740,0.46130340,0.44306460,0.90746680,0.47073960,0.46326380,0.90483730,0.46251300,0.47263010,0.90238710,0.46385810,10,0
0.50724450,0.87411400,0.38902710,0.50724450,0.87411400,0.38902710,0.50724450,0.87411400,0.38902710,0.48612190,0.88153460,0.40048190,0.46414400,0.88659280,0.41026200,0.44034720,0.89038240,0.43155840,0.42747260,0.90228250,0.46001640,0.44485000,0.94160060,0.42313080,0.42358710,0.95293000,0.45188570,0.42254160,0.93133900,0.46240260,0.46465690,0.94752060,0.43094430,0.43919360,0.95528520,0.46402190,0.43715980,0.93026470,0.47462230,0.48203020,0.94275890,0.44087660,0.45894660,0.94719280,0.47145810,0.45470190,0.92189180,0.47717540,0.50859340,0.89903470,0.42245270,0.49859840,0.93288280,0.45061690,0.48101100,0.93623760,0.47516730,0.47244750,0.91832480,0.47823460,0.43274090,0.91205760,0.48169050,0.42990510,0.91052220,0.46071950,0.44358470,0.90686430,0.46990610,0.46299580,0.90438660,0.46281190,0.47243730,0.90196380,0.46395170,10,0
0.50718830,0.87367370,0.38919170,0.50718830,0.87367370,0.38919170,0.50718830,0.87367370,0.38919170,0.48608890,0.88109650,0.40068780,0.46416470,0.88615800,0.41058610,0.44046680,0.89000480,0.43198220,0.42788340,0.90197430,0.46054120,0.44489450,0.94116650,0.42346670,0.42358740,0.95225720,0.45228190,0.42281110,0.93051410,0.46250470,0.46471770,0.94706430,0.43125540,0.43923290,0.95434610,0.46442610,0.43756400,0.92913990,0.47464330,0.48210340,0.94227980,0.44115530,0.45900190,0.94649260,0.47175460,0.45473010,0.92121850,0.47756920,0.50860710,0.89855710,0.42264220,0.49868000,0.93238160,0.45085870,0.48105450,0.93547540,0.47541600,0.47250180,0.91756150,0.47850730,0.43342900,0.91175440,0.48214380,0.43044530,0.90983140,0.46042050,0.44439190,0.90598740,0.46930970,0.46300270,0.90364120,0.46328150,0.47252000,0.90123150,0.46418890,10,0
0.50714490,0.87325120,0.38936750,0.50714490,0.87325120,0.38936750,0.50714490,0.87325120,0.38936750,0.48606640,0.88067550,0.40090100,0.46419720,0.88573900,0.41091930,0.44060080,0.88964460,0.43241670,0.42832290,0.90168840,0.46107720,0.44494090,0.94074820,0.42379720,0.42357880,0.95158680,0.45266750,0.42308620,0.92969490,0.46258550,0.46477880,0.94662640,0.43156330,0.43926290,0.95339650,0.46481840,0.43798490,0.92800810,0.47463300,0.48217570,0.94182180,0.44143360,0.45904730,0.94580380,0.47204350,0.45474490,0.92056120,0.47797150,0.50862650,0.89810120,0.42284010,0.49876020,0.93190420,0.45110370,0.48109090,0.93472330,0.47566260,0.47254860,0.91680970,0.47878480,0.43415920,0.91147660,0.48259930,0.43100390,0.90916480,0.46009140,0.44523710,0.90514220,0.46866130,0.46300230,0.90290710,0.46377010,0.47259710,0.90050680,0.46443580,10,0
0.50711130,0.87284310,0.38955250,0.50711130,0.87284310,0.38955250,0.50711130,0.87284310,0.38955250,0.48605200,0.88026840,0.40112040,0.46422700,0.88533340,0.41123370,0.44071580,0.88926460,0.43281960,0.42874080,0.90135690,0.46158770,0.44498880,0.94034250,0.42412440,0.42357830,0.95082270,0.45309100,0.42350220,0.92871500,0.46253100,0.46484020,0.94620320,0.43186960,0.43931410,0.95241830,0.46522500,0.43856440,0.92678960,0.47445250,0.48224750,0.94138040,0.44171260,0.45898210,0.94502400,0.47226080,0.45488980,0.91972680,0.47810450,0.50865030,0.89766230,0.42304530,0.49883930,0.93144540,0.45135200,0.48101870,0.93396520,0.47583400,0.47262940,0.91595350,0.47880250,0.43490880,0.91114400,0.48301770,0.43181280,0.90842630,0.45941650,0.44636710,0.90436660,0.46756590,0.46337660,0.90222660,0.46384800,0.47306870,0.89988450,0.46419850,10,0
0.50697350,0.87302340,0.39019800,0.50697350,0.87302340,0.39019800,0.50697350,0.87302340,0.39019800,0.48592460,0.88047370,0.40176860,0.46413030,0.88557500,0.41192990,0.44064690,0.88951110,0.43354520,0.42892100,0.90154130,0.46244160,0.44509340,0.94059240,0.42506710,0.42358110,0.95066120,0.45410420,0.42377470,0.92831870,0.46297200,0.46495530,0.94631090,0.43289100,0.43933180,0.95191590,0.46627990,0.43894830,0.92603780,0.47480690,0.48231890,0.94134460,0.44273970,0.45884140,0.94459690,0.47316940,0.45481450,0.91923950,0.47879360,0.50855710,0.89762250,0.42385070,0.49884370,0.93127100,0.45235060,0.48081190,0.93344360,0.47671090,0.47247840,0.91536530,0.47942060,0.43537700,0.91118250,0.48385290,0.43237670,0.90826410,0.45920140,0.44718890,0.90408390,0.46698260,0.46348490,0.90191920,0.46442830,0.47325330,0.89959060,0.46451290,10,0
0.50685150,0.87316350,0.39081020,0.50685150,0.87316350,0.39081020,0.50685150,0.87316350,0.39081020,0.48581250,0.88063630,0.40238450,0.46404950,0.88576920,0.41259650,0.44059750,0.88971160,0.43424480,0.42911930,0.90168640,0.46326350,0.44519280,0.94079230,0.42595460,0.42358160,0.95046710,0.45505210,0.42404370,0.92792020,0.46337620,0.46506400,0.94638100,0.43384850,0.43934800,0.95139600,0.46726010,0.43933030,0.92530440,0.47511880,0.48238780,0.94128390,0.44370060,0.45871270,0.94416450,0.47401460,0.45475040,0.91875490,0.47944560,0.50847590,0.89756070,0.42460780,0.49885150,0.93108480,0.45328380,0.48062200,0.93292450,0.47752420,0.47234490,0.91478700,0.48000080,0.43585720,0.91119340,0.48464780,0.43292860,0.90811530,0.45899200,0.44798970,0.90384550,0.46642220,0.46359470,0.90159910,0.46498910,0.47343560,0.89928870,0.46482530,10,0
0.50674160,0.87327220,0.39139690,0.50674160,0.87327220,0.39139690,0.50674160,0.87327220,0.39139690,0.48571240,0.88076530,0.40297560,0.46396790,0.88592750,0.41321250,0.44053950,0.88980110,0.43489870,0.42924550,0.90165140,0.46404050,0.44528850,0.94095330,0.42679970,0.42357810,0.95051930,0.45585930,0.42410120,0.92787710,0.46391700,0.46516790,0.94642140,0.43475690,0.43955880,0.95113060,0.46829490,0.43954830,0.92491530,0.47573040,0.48245470,0.94120370,0.44461080,0.45865260,0.94374250,0.47485580,0.45478440,0.91825900,0.48000080,0.50840390,0.89748130,0.42532760,0.49886200,0.93088880,0.45416690,0.48051970,0.93255280,0.47833470,0.47225650,0.91438180,0.48060410,0.43619330,0.91100860,0.48542370,0.43310250,0.90819420,0.45923100,0.44821080,0.90366880,0.46652980,0.46380820,0.90138010,0.46533090,0.47355520,0.89912530,0.46520170,10,0
0.50675060,0.87341980,0.39138060,0.50675060,0.87341980,0.39138060,0.50675060,0.87341980,0.39138060,0.48571600,0.88092880,0.40293920,0.46398030,0.88611070,0.41318470,0.44056460,0.88993750,0.43489290,0.42943230,0.90172200,0.46412350,0.44538430,0.94114260,0.42685400,0.42355240,0.95061460,0.45585330,0.42418950,0.92789450,0.46368010,0.46526060,0.94654230,0.43486560,0.43971820,0.95096060,0.46849390,0.43978860,0.92464080,0.47555080,0.48251590,0.94125680,0.44473860,0.45857300,0.94349690,0.47489590,0.45483080,0.91795380,0.47983470,0.50840200,0.89752910,0.42538280,0.49888040,0.93087700,0.45429760,0.48041290,0.93238520,0.47838020,0.47219280,0.91417570,0.48049100,0.43657230,0.91099560,0.48547990,0.43335340,0.90835300,0.45872530,0.44852940,0.90363710,0.46587910,0.46405740,0.90131470,0.46501780,0.47372710,0.89912280,0.46491090,10,0
